OSM_ID,NAME
179045575,«Скандинавия»
155366091,0-я линия
31364918,10-11-я линии В.О.
126562724,10-я аллея
24982373,10-я дорога
206259111,10-я дорожка
31369034,10-я Красноармейская улица
155322116,10-я линия
178602406,10-я линия В.О.
172815550,10-я Советская улица
242395693,11-й Каменноостровский мост
170000580,11-я аллея
206259113,11-я дорожка
221418034,11-я Красноармейская улица
119311692,11-я линия
178602407,11-я линия В.О.
240799870,12-13-я линии В.О.
173484609,12-я аллея
206259114,12-я дорожка
31368568,12-я Красноармейская улица
119311722,12-я линия
173484610,13-я аллея
206259115,13-я дорожка
4457206,13-я Красноармейская улица
119311715,13-я линия
173075242,14-15-я линии В.О.
242395694,14-й Каменноостровский мост
94243915,14-я аллея
123153611,14-я дорожка
119311698,14-я линия
31389152,14-я линия В.О.
130310997,15-я аллея
123153961,15-я дорожка
119311682,15-я линия
31400754,15-я линия В.О.
33785172,16-17-я линии В.О.
173484611,16-я аллея
123153964,16-я дорожка
119311707,16-я линия
31389434,16-я линия В.О.
38480075,17-й проезд
130310999,17-я аллея
123153390,17-я дорожка
119311702,17-я линия
31386812,17-я линия В.О.
172606941,18-19-я линии В.О.
38480109,18-й проезд
123153683,18-я дорожка
119311667,18-я линия
242398358,19-й Каменноостровский мост
38480179,19-й проезд
172792441,19-я аллея
206259130,19-я дорожка
119311680,19-я линия
170316997,1-й Бадаевский проезд
122425388,1-й Березовский переулок
31402452,1-й Верхний переулок
126134141,1-й Дачный переулок
36361150,1-й Елагин мост
28532466,1-й Загородный переулок
243333160,1-й Зимний мост
172311192,1-й Инженерный мост
23273504,1-й Купальный переулок
174899898,1-й Курортный переулок
28777052,1-й Лаврский мост
145439679,1-й Лахтинский мост
63204042,1-й Лесной переулок
106291465,1-й Межевой переулок
112188745,1-й мост
4457291,1-й Муринский проспект
105053150,1-й Озерковский переулок
174878843,1-й Охтинский путепровод
33410099,1-й переулок
156286490,1-й Петергофский мост
232713868,1-й Предпортовый проезд
179646863,1-й проезд
103990397,1-й проезд Кондакопшино
104475537,1-й проезд Свободы
106291472,1-й Путейский переулок
132916332,1-й Рабфаковский переулок
143681960,1-й Садовый мост
106291463,1-й Торфяной переулок
106291448,1-й Широкий переулок
36771653,1-я Алексеевская улица
126441524,1-я аллея
159233353,1-я Берёзовая аллея
225063344,1-я Боровая улица
31379183,1-я Дачная улица
59291558,1-я дорога
155322114,1-я дорожка
134585108,1-я Железнодорожная улица
35552052,1-я Жерновская улица
62001751,1-я Заводская улица
53812510,1-я Зелёная улица
36945763,1-я Конная Лахта
141966303,1-я Красноармейская улица
172359215,1-я Краснофлотская улица
28532461,1-я Лесная улица
179646864,1-я линия
10440558,1-я линия В.О.
23919656,1-я Луговая улица
71065318,1-я Нижняя улица
31399507,1-я Никитинская улица
147948621,1-я Новая
24761802,1-я Новая улица
284770291,1-я Пляжевая улица
32742527,1-я Полевая улица
113379071,1-я Полянская улица
108686440,1-я Поперечная
34352284,1-я Поперечная улица
126589272,1-я Северная улица
245946015,1-я Советская улица
52016485,1-я Тенистая улица
108686441,1-я Угловая
38479304,1-я улица
125240532,1-я Утиная улица
123123567,1-я Шоссейная улица
116521021,20-21-я линии В.О.
242398359,20-й Каменноостровский мост
173484617,20-я аллея
206259139,20-я дорожка
119311711,20-я линия
178602842,20-я линия В.О.
38482887,21-й проезд
170000581,21-я аллея
206259143,21-я дорожка
119311700,21-я линия
178602844,21-я линия В.О.
135902394,22-23-я линии В.О.
206259150,22-я дорожка
119311719,22-я линия
178603037,22-я линия В.О.
38483006,23-й проезд
206259154,23-я дорожка
216865120,2-3-я линии В.О.
119311704,23-я линия
178603038,23-я линия В.О.
173076788,24-25-я линии В.О.
206259163,24-я дорожка
116632877,24-я линия
31396137,24-я линия В.О.
206259166,25-я дорожка
116632883,25-я линия
189640271,25-я линия В.О.
116520570,26-27-я линии В.О.
84484774,26-я дорожка
116632882,26-я линия
179105959,26-я линия В.О.
93773809,27-я линия
179105960,27-я линия В.О.
116521521,28-29-я линии В.О.
137816736,28-я линия
149524631,2-й Бадаевский проезд
127169473,2-й Балтийский переулок
121949198,2-й Березовский переулок
4455477,2-й Верхний переулок
44924369,2-й Волковский мост
126372494,2-й Дачный переулок
4461337,2-й Елагин мост
106291459,2-й Загородный переулок
172299707,2-й Зимний мост
242393472,2-й Каменноостровский мост
173811652,2-й Красненький мост
23273506,2-й Купальный переулок
174899897,2-й Курортный переулок
30976099,2-й Лаврский мост
145439684,2-й Лахтинский мост
54650480,2-й Лесной переулок
106291470,2-й Межевой переулок
120109994,2-й мост
135206645,2-й Муринский проспект
36435106,2-й Озерковский переулок
174878847,2-й Охтинский путепровод
85039118,2-й Парковый мост
34993483,2-й переулок
172586939,2-й Петергофский мост
219639907,2-й Предпортовый проезд
179646865,2-й проезд
103990404,2-й проезд Кондакопшино
106291481,2-й Путейский переулок
173534236,2-й Рабфаковский переулок
145804299,2-й Садовый мост
106291483,2-й Широкий переулок
138674099,2-я Алексеевская улица
126441548,2-я аллея
20940855,2-я Берёзовая аллея
108686447,2-я Боковая
87246332,2-я Боровая улица
38505958,2-я Волховстроевская улица
81026716,2-я Дачная улица
59291519,2-я дорога
155322118,2-я дорожка
126135995,2-я Железнодорожная улица
4458842,2-я Жерновская улица
123123568,2-я Заводская улица
53812511,2-я Зелёная улица
238515011,2-я Комсомольская улица
135414976,2-я Конная Лахта
137007079,2-я Красноармейская улица
105466949,2-я Краснофлотская улица
63204081,2-я Лесная улица
179646866,2-я линия
121806444,2-я Луговая улица
126441528,2-я Малая улица
138674160,2-я Никитинская улица
147948670,2-я Новая
49858105,2-я Новая улица
106291477,2-я Пляжевая улица
100967252,2-я Полевая улица
128073386,2-я Полянская улица
202801946,2-я Поперечная
31380234,2-я Поперечная улица
36436177,2-я Семёновская улица
185184934,2-я Советская улица
86885441,2-я Тарховская улица
52016489,2-я Тенистая улица
147948644,2-я Угловая
38479210,2-я улица
60413629,2-я Утиная улица
62001755,2-я Шоссейная улица
237356156,3-й Бадаевский проезд
126337272,3-й Верхний переулок
44924366,3-й Волковский мост
126382898,3-й Дачный переулок
149248553,3-й Елагин мост
242393473,3-й Каменноостровский мост
174899899,3-й Курортный переулок
36435034,3-й Озерковский переулок
33409662,3-й переулок
120718311,3-й Предпортовый проезд
173485996,3-й проезд
84207517,3-й Рабфаковский переулок
31366203,3-й Рыбацкий проезд
95854267,3-й Смоленский мост
126441508,3-я аллея
38505975,3-я Волховстроевская улица
59291500,3-я дорога
205945000,3-я дорожка
225914246,3-я Жерновская улица
152432735,3-я Зелёная улица
178941078,3-я Конная Лахта
31369843,3-я Красноармейская улица
228883327,3-я Лесная улица
173341065,3-я линия
270823197,3-я линия 1-й половины
42475335,3-я линия 2-й половины
126441536,3-я Малая улица
202709783,3-я Новая
113868149,3-я Полянская улица
202801947,3-я Поперечная
31398511,3-я Поперечная улица
44076577,3-я Советская улица
31376585,3-я Тарховская улица
152432737,3-я Тенистая улица
38479212,3-я улица
190811594,4-5-я линии В.О.
24871773,4-й Верхний переулок
105714071,4-й Волковский мост
265080324,4-й Ждановский мост
242393474,4-й Каменноостровский мост
35110005,4-й переулок
22823130,4-й Предпортовый проезд
53577452,4-й проезд
23103502,4-й Рыбацкий проезд
95854273,4-й Смоленский мост
126441553,4-я аллея
153023635,4-я Дачная улица
59291502,4-я дорога
205945002,4-я дорожка
137382135,4-я Красноармейская улица
173341072,4-я линия
189640368,4-я линия В.О.
126562714,4-я Малая улица
187333190,4-я парадная аллея
106291464,4-я Пляжевая улица
25893233,4-я Поперечная улица
72030382,4-я Советская улица
31379287,4-я Тарховская улица
152432756,4-я Тенистая улица
126337275,5-й Верхний переулок
242393475,5-й Каменноостровский мост
195836939,5-й Предпортовый проезд
106291461,5-й проезд
25036963,5-й ржевский мост
201355397,5-й Рыбацкий проезд
206010689,5-я аллея
153023636,5-я Дачная улица
59291549,5-я дорога
205945004,5-я дорожка
69407792,5-я Жерновская улица
31370676,5-я Красноармейская улица
206259174,5-я линия
189640369,5-я линия В.О.
126563981,5-я Малая улица
187333191,5-я парадная аллея
25893820,5-я Поперечная улица
172709587,5-я Советская улица
230638521,5-я Тарховская улица
31374939,6-7-я линии В.О.
176032419,6-й Верхний переулок
242393941,6-й Каменноостровский мост
35967749,6-й Предпортовый проезд
54649815,6-й проезд
206010691,6-я аллея
205945005,6-я дорожка
35551889,6-я Жерновская улица
31378594,6-я Красноармейская улица
173341064,6-я линия
80166918,6-я линия В.О.
35216345,6-я Поперечная улица
172709588,6-я Советская улица
230422543,6-я Тарховская улица
242393942,7-й Каменноостровский мост
13803176,7-й Предпортовый проезд
152432760,7-й проезд
126999316,7-я аллея
205945006,7-я дорожка
31402420,7-я Красноармейская улица
173341069,7-я линия
80166943,7-я линия В.О.
41323763,7-я Поперечная улица
190455855,7-я Советская улица
4461835,8-9-я линии В.О.
136263282,8-й Верхний переулок
79639498,8-й Предпортовый проезд
206010694,8-й проезд
126999317,8-я аллея
94727821,8-я дорожка
4459443,8-я Красноармейская улица
25655118,8-я линия
36778936,8-я Поперечная улица
172707941,8-я Советская улица
156734250,9-й Верхний переулок
242395136,9-й Каменноостровский мост
206010479,9-й проезд
126999318,9-я аллея
206360119,9-я дорожка
4458128,9-я Красноармейская улица
173341067,9-я линия
137970328,9-я парадная аллея
172709591,9-я Советская улица
75219238,Абросимова улица
31399581,Авангардная улица
77722464,Авангардный мост
173483808,Авиационная улица
172447254,Австрийская площадь
31403059,Автобусная улица
192292869,Автобусный переулок
217557161,Автовская улица
4462030,Автогенная улица
181989788,Автозаводская улица
80240517,Автозаводский проезд
78083271,Автомобильная улица
32780203,Агатов переулок
81986852,Аграрная улица
237288755,Адмиралтейская набережная
178878506,Адмиралтейский мост
237288758,Адмиралтейский проезд
147284237,Адмиралтейский проспект
60920389,Адмиральский проезд
222382223,Азовская улица
33112681,Азовский переулок
93773922,Академическая улица
31366495,Академический переулок
244822654,Академический проспект
31403789,Актёрский проезд
154259400,Аларчин мост
51955346,Александрийское шоссе
146786250,Александровская линия
178718873,Александровская улица
103990390,Александровский бульвар
31366479,Александровский парк
193549142,Александровское шоссе
52468852,Алексеевская улица
206259096,Алексеевский переулок
138017166,аллея Академика Глушко
165097141,аллея Академика Лихачёва
224896053,аллея Барсукова
31380325,аллея Белого султана
187333173,аллея Богатого поля
31369567,аллея Будочкина
131242671,аллея Героев
31398235,аллея Дружбы Городов
258476791,аллея Коса
162594055,аллея Котельникова
31365758,аллея Красного Бугра
31400137,аллея Красного Молодца
242339898,аллея Красного Солнца
222227425,аллея Лессинга
130675742,аллея Молодого Жениха
228156366,Аллея Новорождённых
151322672,аллея Павла Садырина
102660058,аллея Поликарпова
38083094,аллея Раевского
172586940,аллея Славы
146426952,аллея Смольного
294442938,аллея фонтанов
51753101,Аллея фонтанов
180930479,аллея Чёрной шляпы
153231410,аллея Юрия Морозова
171764119,Алмазный мост
31387555,Алтайская улица
296745782,Альпийский переулок
163393821,Амурская улица
35902263,Ангарская улица
119765608,Английская аллея
31366110,Английская набережная
145262454,Английский мост
154258491,Английский проспект
31389919,Андреевская улица
175313246,Андреевский мост
172664051,Андреевский переулок
113957797,Аникушинская аллея
256708870,Анисимовская дорога
143525633,Аничков мост
200612069,Аннинское шоссе
29072397,Антоновская улица
86328428,Антропшинская улица
103627598,Анциферовская улица
31372101,Апраксин переулок
166535327,Апраксинская улица
83689330,Апрельская улица
4460046,Аптекарская набережная
200177749,Аптекарская улица
29986234,Аптекарский мост
31388952,Аптекарский переулок
172510738,Аптекарский проспект
106291468,Аптечная улица
136385756,Арбузовский переулок
222176694,арка
4458440,Арктическая улица
138282745,Арктический переулок
161617027,Армовская улица
4455123,Арсенальная набережная
31371616,Арсенальная улица
68700151,Арсенальный переулок
108578275,Арсеньевский переулок
106291479,Артиллерийская улица
33994410,Артиллерийский переулок
23205273,Артиллерийский путепровод
174878835,Астраханская улица
130583811,Астрономическая улица
135195827,Атаманская улица
27755511,Атаманский мост
111821508,Афанасьевская улица
28980817,Афонская улица
4414960,Ахматовская улица
24782261,Аэродромная улица
93773882,Аэропортовая улица
172113635,Бабигонское шоссе
81680987,Баболовская улица
96100775,Баболовское шоссе
4461936,Байкальская улица
301175679,Байконурская улица
117886307,Бакинский проезд
38505792,Балканская дорога
123352213,Балканская площадь
155073536,Балканская улица
183484153,Балканский мост
104480255,Балтийская улица
297368065,Балтийский бульвар
150768722,Балтийский мост
31370525,Балтийский проспект
115310473,Банковский мост
166121962,Банковский переулок
172285662,Банный мост
33997750,Барклаевская улица
170115605,Бармалеева улица
31380130,Барочная улица
7700411,Барочный мост
31402860,Баррикадная улица
132229948,Басков переулок
35994787,Бассейная улица
139760667,Бастедонов переулок
143218281,Батайский переулок
104994286,Батальонная улица
31402103,Батарейная дорога
96739322,Баушевская улица
175866944,Беговая улица
124929708,Безымянная дорожка
173484544,Безымянная улица
74975064,Безымянный переулок
294800328,Белградская улица
159070013,Белградский мост
37089361,Белевский переулок
218637468,Белевский проспект
81680985,Беличья улица
31402252,Беловодский переулок
82216740,Белокаменная улица
4458204,Беломорская улица
279552064,Белоостровская улица
4457709,Белоостровское шоссе
172669216,Белорусская улица
117483227,Белосельский переулок
172456124,Беляевский мост
132953779,Бердов мост
300266493,Береговая улица
103207840,Береговой переулок
69013243,Берёзовая аллея
72300418,Берёзовая дорожка
107996636,Берёзовая линия
35002608,Берёзовая улица
102964927,Березовый мостик
97199850,Берёзовый переулок
83123282,Бертонов мост
53307206,Бестужевская улица
120193012,Бетонная дорожка
206358092,Библиотечный переулок
75248978,Биологическая улица
31376335,Биржевая линия
172421970,Биржевая площадь
31366777,Биржевая улица
23546991,Биржевой мост
175010547,Биржевой переулок
172435304,Биржевой проезд
172373358,Благовещенский мост
31378115,Благодатная улица
52173981,Блан-Менильская улица
23176138,Бобруйская улица
172113650,Бобыльская дорога
32606536,Бобыльская улица
123498802,Богаделинская дорожка
86968180,Богатырский проспект
55465862,Богумиловская улица
181461531,Бодров переулок
10372755,Боковая аллея
31367566,Бокситогорская улица
135038862,Болотная улица
59696581,Болотный проезд
118975357,Больничная горка
161601662,Большая аллея
230438393,Большая Горская улица
36434916,Большая Десятинная улица
82604795,Большая Зеленина улица
114468175,Большая Каменка
112326361,Большая каменная лестница
145493880,Большая Конюшенная улица
31396293,Большая Купальная улица
146786254,Большая линия
156421502,Большая Монетная улица
146582124,Большая Морская улица
31396848,Большая Московская улица
135995473,Большая Озёрная улица
172291862,Большая Подьяческая улица
262104255,Большая Пороховская улица
129088004,Большая Посадская улица
172817484,Большая Пушкарская улица
31386479,Большая Разночинная улица
131384941,Большая улица
4458678,Большая Яблоновка
40162606,Большевистская улица
242442738,Большеохтинский мост
4456541,Большеохтинский проспект
172806152,Большой Ижорский мост
42253383,Большой Ильинский мост
192067708,Большой Казачий переулок
27634220,Большой Каменный мост
34178625,Большой каприз
34961241,Большой китайский мост
172299698,Большой Конюшенный мост
5150556,Большой Крестовский мост
121167511,Большой Литейный переулок
177042611,Большой Обуховский мост
22793393,Большой Петровский мост
54905629,Большой проспект
229132334,Большой проспект В.О.
135341324,Большой проспект П.С.
159096102,Большой Сампсониевский проспект
179779589,Большой Смоленский проспект
45017688,Большой Чухонский мост
172901149,Большой Яблоновский мост
54968980,Борисов мост
31401312,Боровая улица
33544908,Боровой мост
89971728,Боровой переулок
4454703,Бородинская улица
138961763,Ботаническая улица
156398249,Боткинская улица
4461243,Боцманская улица
170818615,Брантовская дорога
124929646,Братская дорожка
174753253,Братская улица
31403409,Брестский бульвар
71229063,Броневая улица
125686121,Бронетанковая улица
161542570,Бронная улица
31396619,Бронницкая улица
77687302,Брусничная улица
31386367,Брюсовская улица
25423518,Брянская улица
35573655,Бугровая улица
110087266,Бугровская улица
4462163,Бугский переулок
158898053,Будапештская улица
232983423,бульвар Александра Грина
172813921,бульвар Алексея Толстого
169702335,бульвар Дружбы
135402945,бульвар Красных Зорь
43118875,бульвар Красных Курсантов
229244889,бульвар Новаторов
172822453,бульвар Победы
172113790,бульвар Разведчика
238741467,бульвар Свободы
31386085,бульвар Трудящихся
4456433,Бумажная улица
229579317,Бумажный мост
132830110,Бухарестская улица
166535339,Бухвостовская улица
32113675,Быковская улица
221047822,Вавиловский проезд
35413772,Вагонный проезд
153720341,Вазаский переулок
155645225,Валдайская улица
136056020,Варваринская улица
138282746,Варлаамовская улица
138384047,Варфоломеевская улица
148700330,Варшавская площадь
31372059,Варшавская улица
23591673,Варшавский мост
35535813,Варшавский проезд
35535919,Васильковая улица
31367131,Введенская улица
182611172,Введенский канал
126607253,Велосипедная аллея
298618889,Вербная улица
86328438,Веревская улица
31398239,Верейская улица
141820298,Вересковая улица
32112886,Вертолётная улица
287052710,Верхний Лебяжий мост
119806263,Верхний парк
202801937,Верхняя
38180307,Верхняя Ижорская улица
94936691,Верхняя улица
158502996,Верховая дорога
126562702,Весёлый переулок
4460061,Вёсельная улица
126441533,Весенняя улица
123498803,Весовая дорожка
288487117,Ветеринарный переулок
106839537,Взлётная улица
129112674,Виленский переулок
4454357,Виндавская улица
227006888,Винокурцевский проезд
30995860,Висконтиев мост
171728180,Витебская Сортировочная улица
31402123,Витебская улица
191921958,Витебский мост
31386089,Витебский проспект
23972816,Витебский путепровод
158265206,Вишерская улица
182243529,Вишневая улица
189447253,Вишнёвая улица
31369370,Владимирская улица
61819052,Владимирский переулок
172611138,Владимирский проспект
172409717,Внуковская улица
95110913,Внутреннее кольцо
27695814,Водопадная улица
103427576,Водопроводная аллея
123377096,Водопроводная улица
4455778,Водопроводный переулок
236313545,Водосливной переулок
292870708,Военная улица
4459876,Воздухоплавательная улица
218468851,Вознесенский мост
218504968,Вознесенский проспект
147948692,Воинская дорога
136385757,Войтоловская улица
176364387,Вокзальная улица
4461798,Вокзальное шоссе
146618296,Вокзальный проезд
125889850,Волго-Донская улица
62237896,Волго-Донской проспект
32959851,Волжский переулок
207971616,Волковский мост 1
194972627,Волковский проспект
121903315,Волконская улица
49858103,Волнистая улица
208038099,Вологодская дорожка
37125912,Вологодская улица
130703497,Володарская улица
157076911,Володарский мост
31385946,Волоколамский переулок
196085575,Волховская улица
172435305,Волховский переулок
38482776,Волховстроевская улица
108636269,Волхонский переулок
61811167,Волхонский проезд
52531382,Волхонское шоссе
180619381,Волынкин переулок
72515657,Волынский переулок
108636274,Вольновская улица
50115719,Воркутинская улица
31377176,Воронежская улица
66516762,Воронинский проезд
134694472,Воронцов переулок
240691032,Воскресенская набережная
146786255,Воскресенский проезд
131384933,Восточная улица
202625983,Восточный Артиллерийский мост
55371193,Восточный переулок
75246222,Восточный проезд
174753258,Всеволожская улица
25406623,Всеволожский мост
126303603,Въезд в контейнерный терминал
266121944,Въезд на территорию МАШОПТТОРГ (грузовики)
145832757,Выборгская дорога
124929711,Выборгская дорожка
187620869,Выборгская набережная
31371529,Выборгская улица
31376422,Выборгский переулок
129316454,Выборгский тоннель
121724770,Выборгское шоссе
126303604,Выезд из контейнерного терминала
"82444009,""Выезд с объекта ЖК """"Самоцветы"""""""
266121526,Выезд с территории МАШОПТТОРГ (грузовики)
86328427,Вырицкая улица
31398754,Высокая улица
103207687,Высоковольтная улица
119311721,Высоковольтный проезд
77685747,Высоцкая улица
236777437,Выставочная улица
172948681,Вытегорский переулок
4457560,Вяземская дорога
4456384,Вяземский переулок
31398913,Вязовая улица
178630341,Вятская улица
125822675,Гаванная улица
31893398,Гаванская улица
71069418,Гаванский переулок
146916887,Гаврская улица
120732157,Гагаринская набережная
25655143,Гагаринская улица
4457387,Газовая улица
54968975,Газовый мост
23273732,Газовый переулок
136385760,Гайтоловская улица
104072011,Гаккелевская улица
31388544,Галерная улица
174902894,Галерный мост
31376081,Галерный проезд
136560796,Галицкая улица
31368406,Гамбургская площадь
31365920,Гангутская улица
8146349,Гапсальская улица
125079722,Гаражная улица
246213834,Гаражный проезд
191471756,Гаревая дорожка
103207643,Гартнеровский переулок
145643722,Гатчинская дорога
31372284,Гатчинская улица
125402788,Гатчинское шоссе
80236518,Гвардейская улица
96450680,Гвардейский бульвар
126521693,Гданьская улица
35567636,Гдовская улица
31403232,Гельсингфорсская улица
204893114,Геологическая улица
34007020,Герасимовская улица
86328442,Гертовская улица
78518203,Геслеровский мост
162915393,Гжатская улица
4461963,Гимназический переулок
197658096,Главная аллея
108686450,Главная дорога
123573908,Главная дорожка
4462263,Главная улица
131228567,Главный проезд
120718437,Глазуновская дорожка
34006847,Глазурная улица
250287170,Глиняная улица
86222787,Глухариная улица
198287566,Глухарская улица
172614468,Глухая Зеленина улица
31395857,Глухой переулок
223469880,Глухоозёрское шоссе
123566258,Голикова дорожка
152620204,Голицынская улица
187623278,Головинский мост
172649943,Головкинская улица
153481458,Гомельская улица
143525634,Гончарная улица
125715219,Горбатый мост
127607516,Горбатый мостик
23274036,Гореловская улица
23351329,Гореловский путепровод
106291471,Горная улица
83536159,Горностаевый переулок
150460838,Гороховая улица
165664317,Горохов переулок
55371186,Горская улица
206259098,Горский переулок
4455034,Горское шоссе
245584462,Горсткин мост
105197919,Горчаковская улица
158534071,Госпитальная улица
31377447,Госпитальный переулок
202235551,Гостилицкая улица
81707205,Гостилицкое шоссе
198230472,Гостиная улица
138281161,Гофмейстерская улица
161134033,Грааповский мост
106291491,Гражданская улица
70746366,Гражданский мост
104490370,Гражданский переулок
245831206,Гражданский проспект
180711775,Гранитная улица
135976382,Граничная улица
288078456,Граничный переулок
23141385,Графский переулок
66516751,Графский проезд
36811572,Гребная улица
181437204,Гренадерская улица
4456201,Гренадерский мост
162380264,Греческая площадь
31397685,Греческий проспект
172857506,Грибная аллея
155319202,Грибная улица
155319204,Грибной переулок
160680237,Гродненский переулок
36820368,Громовская улица
31365272,Грузинская улица
123358984,Грузовой проезд
175631963,Гумилёвская дорожка
104721254,Гуммолосаровская улица
172812913,Гусарская улица
179396259,Гусева улица
23591667,Гутуевский мост
82865674,Дальневосточная улица
194743753,Дальневосточный проспект
31968825,Дальняя улица
174330890,Дачная улица
164491539,Дачный переулок
78326934,Дачный проспект
172609526,Дачный путепровод
138406353,Двинская дорожка
31386294,Двинская улица
33218971,Двинский переулок
159079284,Дворцовая аллея
243325891,Дворцовая набережная
80764252,Дворцовая площадь
31365321,Дворцовая улица
150184612,Дворцовый мост
150184624,Дворцовый проезд
172259967,Дворцовый проспект
128666209,Дегтярная улица
71953072,Дегтярный переулок
222342616,Деловая улица
178881623,Демидов мост
52469351,Дёминский переулок
31365373,Демонстрационный проезд
89677136,Деповская улица
106291457,Деповский переулок
4459255,Депутатская улица
70523551,Державинский переулок
31396674,Дерновая аллея
123501056,Дерновая дорожка
36436201,Дерновая улица
135767629,Дерптский переулок
175897173,Десантная улица
36434884,Десятинный переулок
175876429,Детская улица
28500117,Детский переулок
172351538,Детскосельская улица
288800619,Детскосельский бульвар
102225731,Детскосельский переулок
4462389,Диагональная улица
147473928,Дибуновская улица
175390684,Дибунский переулок
55291561,Дивеевская улица
241114899,Дивенская улица
191616037,Дизельный проезд
121227910,Дикая аллея
39760916,Динамовская улица
121534831,Диспетчерская улица
63204037,Длинная улица
144550078,Дмитриевская улица
172346023,Дмитровский переулок
124929718,Днепровская дорожка
32704500,Днепровский переулок
236346323,Днепропетровская улица
82141988,Добрососедская улица
172664271,Добрушская улица
4462112,Дойников переулок
131299315,Доковый мост
124801330,Долгоозёрная улица
62124886,Долгоруков мост
32607205,Домодедовская улица
31387623,Домостроительная улица
201079616,Донецкая улица
124929722,Донская дорожка
32731043,Донская улица
"164632572,""дорога """"Памяти жертв 9-го января"""""""
31401309,дорога в Каменку
128073383,дорога в Поляны
31396465,дорога в Рыбацкое
194461690,дорога в Угольную гавань
39161450,Дорога Жизни
147948605,дорога Крассовского
285186624,дорога к Шалашу Ленина
"50599561,""дорога на """"Винтовку"""""""
276511946,дорога на Александровку
94801957,дорога на Глухое озеро
40420278,Дорога на ДСК
46035011,Дорога на КСМ
38494276,дорога на Металлострой
31375527,дорога на Петро-Славянку
242135253,дорога на Турухтанные острова
299671010,Дорожка №1
299671011,Дорожка №2
299671012,Дорожка №3
299671013,Дорожка №4
125113652,дорожка Герцена
61737206,Дорожная улица
34961211,Драконов мост
126521866,Дрезденская улица
31377922,Дровяная улица
172282899,Дровяной переулок
103557679,Дружеская аллея
126562740,Дружная улица
35134798,Друскеникский переулок
175018567,Дубковский переулок
236313540,Дубковское шоссе
39791415,Дубленский переулок
123573913,Дубовая аллея
136575685,Дубовая улица
162887191,Дубовый переулок
120347285,Дубровская улица
85988174,Дуговая улица
131224129,Дудергофский переулок
58802078,Думская улица
125199483,Думский мост
195836868,Дунайский проспект
23972805,Дунайский путепровод
121267705,Дунькина горка
35567515,Евгеньевская улица
4460909,Евпаторийский переулок
123573920,Еврейская дорожка
103268095,Егерская улица
141937559,Египетский мост
178879656,Екатерингофский мост
142110449,Екатерининская улица
120053621,Екатерининский переулок
172319573,Екатерининский проспект
239813581,Елагинский проспект
68485073,Елевая аллея
35035244,Еленинская улица
105747281,Еленинский переулок
66516793,Еленинский проезд
126521874,Елецкая улица
242339901,Елизаветинская аллея
55291559,Елизаветинская улица
132600619,Елисеевская улица
122415646,Еловая аллея
170000589,Еловая улица
82865670,Енисейская улица
126521877,Енотаевская улица
38540154,Ермоловский переулок
38531979,Ермоловский проспект
82141709,Есенинская улица
173071963,Ефремовский проезд
173619740,Жасминная улица
244210437,Ждановская набережная
253037050,Ждановская улица
78518198,Ждановский мост
31389975,Железноводская улица
49858129,Железнодорожная улица
126547071,Железнодорожный переулок
111674308,Железнодорожный проспект
155319206,Жемчужная улица
89568212,Жихаревский переулок
34352286,Жукова улица
173341073,Жуков переулок
208057247,Жуковско-Волынская улица
103207918,Журавлиная улица
101530861,Забайкальская улица
234330207,Забалканский проезд
172113705,Заводская дорога
55375430,Заводская улица
55375423,Заводской переулок
125691669,Заводской проезд
239157806,Заводской проспект
49858109,Завокзальная улица
228883287,Загородная улица
191921961,Загородный проспект
123258875,Загребский бульвар
151970326,Задворная улица
86043823,Задняя улица
47430384,Заманиловская улица
31376331,Замковая улица
195761794,Замшина улица
69289647,Замятин переулок
179742027,Заневская площадь
118651584,Заневский мост
145130005,Заневский проспект
31399676,Заозёрная улица
91939065,Западная аллея
89971727,Западная улица
202625980,Западный Артиллерийский мост
82461219,Западный переулок
140244691,Заповедная улица
23164303,Запорожская улица
59862392,Запрудная улица
38585806,Зареченская улица
137817534,Заречная аллея
173182566,Заречная дорога
80736932,Заречная улица
172369682,Зарубинская улица
175018568,Зарубинский переулок
38535013,Зарубинский проезд
96046778,Заславская улица
35536074,Заставская улица
137680813,Заусадебная улица
31402215,Захаржевская улица
146618299,Захаров переулок
222183947,Захарьевская улица
51819349,Заячий переулок
123986379,Заячий проезд
233036475,Заячий проспект
51103275,Звёздная улица
142608486,Звенигородская улица
31369140,Звериницкая улица
60495108,Зверинская улица
258476789,Зелёная аллея
72300410,Зелёная дорожка
89973730,Зелёная улица
86330779,Зеленецкий переулок
172493089,Зеленков переулок
95340634,Зеленогорская улица
155290303,Зеленогорское шоссе
143525635,Зелёный мост
162991560,Зелёный переулок
141732938,Зелёный проезд
286531541,Зелёный проспект
162141005,Земледельческая улица
138275961,Земледельческий переулок
158649372,Земляничная аллея
85942786,Земская улица
4456692,Земский переулок
34008378,Зеркальный переулок
117886303,Зимняя улица
124929724,Знаменская дорожка
172113706,Знаменская улица
43588431,Золотая улица
172901154,Зольная улица
37553087,Зональная улица
31370201,Зоологическая улица
4454376,Зоологический переулок
32776710,Зотовский проспект
146029084,ЗСД
32972128,Зубковская улица
185267102,Зыбинская улица
192265918,Ивановская улица
206259102,Ивановский переулок
155729451,Ивовая улица
106291450,Ивовый переулок
38535015,Игрушечный переулок
93732668,Ижорская аллея
4590716,Ижорская улица
86328436,Ижорский бульвар
147249446,Изборская улица
218503506,Измайловский мост
181344170,Измайловский проспект
172266351,Иликовская дорога
120047246,Иликовская першпектива
205238011,Иликовский проспект
35564469,Ильинская слобода
108636417,Ильинский переулок
172799777,Ильмянинова улица
178945071,Индустриальный мост
31402405,Индустриальный проспект
93220617,Инженерная улица
32435091,Иностранный переулок
63204035,Институтская улица
151322113,Институтский переулок
176356948,Институтский проспект
66516742,Инструментальная линия
114945919,Инструментальная улица
58530605,Интернациональная улица
30278796,Иоанновский мост
34922535,Иоанновский переулок
103268155,Ионинская улица
182611186,Ипподромный мост
172367903,Ириновский мост
172367901,Ириновский проспект
31375139,Иркутская улица
147284252,Исаакиевская площадь
19848833,Искровский проспект
170333756,Исполкомская улица
31375652,Итальянская улица
30528042,Итальянский мост
33174458,Кабаловская улица
31375582,Кавалергардская улица
264561249,Кавалерийская улица
103268163,Кавалерская улица
171861108,Кавголовская дорожка
202580383,КАД
118074297,Кадетская дорожка
135109398,Кадетская и 1-я линии В.О.
172378748,Кадетская линия В.О.
124751723,Кадетский бульвар
32847610,Кадетский переулок
4462441,Казанская площадь
145320632,Казанская улица
181173664,Казанский мост
28757261,Казарменный переулок
27755513,Казачий мост
31402021,Казначейская улица
51955327,Калининская улица
4454291,Калинкин переулок
106291455,Калиновая улица
23141147,Калужский переулок
146916900,Калязинская улица
202801938,Каменная
121267706,Каменная дорожка
99302049,Каменногорская улица
156494599,Каменноостровский мост
156494606,Каменноостровский проспект
245587197,Каменный мост
172773751,Каменный проспект
4456823,Камская улица
226544090,Камчатская улица
31396681,Камышинская улица
172796178,Камышинский мост
88777093,Камышовая улица
123573924,Канавная дорожка
31396416,Канареечная улица
103272897,Канатный переулок
179415218,Канонерская улица
23037042,Канонерский тоннель
96408053,Кантемировская улица
157365375,Кантемировский мост
4459474,Капитанская улица
177500570,Капсюльное шоссе
173416714,Капсюльный мост
179270098,Караваевская улица
24620833,Караваевский переулок
207305722,Караванная улица
144376167,Карельский мост
144376168,Карельский переулок
183932878,Каретный мост
123342724,Карпатская улица
287909721,Карповский мост
155148396,Карповский переулок
31365600,Карташихина улица
205782569,Карьерная улица
104490363,Карьерный переулок
107095565,Карьерный проезд
162566020,Касимовская улица
159265373,Касимовский мост
147948694,Каталинская
98723809,Катлинская дорога
123573925,Католическая дорожка
84484759,Каугиевская улица
174970500,Каупиловская улица
147759063,Кашин мост
63204086,Квартальная улица
63204066,Квартальный переулок
123573929,Квистова дорожка
125792173,Кедринская улица
155149666,Кедровая улица
182648630,Кемеровская улица
172788806,Кемская улица
27553836,Кемский переулок
33112682,Керченский переулок
118074299,Киевская дорожка
125338291,Киевская улица
125772796,Киевское шоссе
281580354,Кингисеппское шоссе
96450678,Кирасирская улица
31368694,Кирилловская улица
31386104,Киришская улица
170116943,Кировская площадь
107095563,Кировская улица
55371194,Кирочная улица
71187027,Кирпичная дорога
61799656,Кирпичная улица
104490367,Кирпичный переулок
53017672,Китайский мост
35560934,Кленовая аллея
127169454,Кленовая улица
4461345,Климов переулок
173019070,Клиническая дорожка
34907100,Клиническая улица
31365273,Клинский проспект
63204511,Клочков мост
50084363,Клочков переулок
228948377,Клубная площадь
4455439,Клубная улица
35972924,Клубный переулок
76560855,Ключевая улица
216942514,Ключевой проспект
59508306,Князевская улица
86328430,Кобонская улица
86328445,Кобринская улица
31401257,Ковалёвская улица
122652168,Ковенский переулок
4454390,Кожевенная линия
31402695,Козловский переулок
129145503,Кокколевская улица
147550152,Кокушкин мост
147550153,Кокушкин переулок
131228569,Коллективная улица
28165463,Колобановская улица
35445155,Колодезная улица
147948696,Колокольная
31396430,Колокольная улица
96479977,Колокольный переулок
4457204,Коломенская улица
201272493,Коломенский мост
31376146,Коломяжский проспект
162934081,Коломяжский путепровод
179164092,Колпинская улица
179164097,Колпинский переулок
45591889,Колпинское шоссе
178944840,Колтушский мост
116064813,Колхозная улица
102675979,Колхозный переулок
106982939,Кольская улица
145643711,Кольцевая дорога
52410614,Кольцевая улица
104475256,Кольцевой переулок
174878870,Комарова улица
286701209,Комаровский мост
31365661,Комендантская площадь
173481151,Комендантская улица
33411027,Комендантский проспект
206899332,Коммунистическая улица
286222279,Комсомольскач улица
175654175,Комсомольская площадь
54650360,Комсомольская улица
108636363,Комсомольский переулок
103990401,Кондакопшино 3-й проезд
124929725,Кондратьевская дорожка
172581528,Кондратьевский проспект
72300417,Конная дорога
120026767,Конная дорожка
96599186,Конная улица
235504980,Конногвардейский бульвар
235088141,Конногвардейский переулок
51753092,Конно-Гренадерская улица
178941077,Коннолахтинская дорога
219286059,Коннолахтинский проспект
172894693,Конный переулок
172113711,Константиновская улица
230310635,Константиновский переулок
242721246,Константиновский проспект
173800362,Конторская дорожка
170827640,Конторская улица
145804237,Конюшенная площадь
31374893,Конюшенная улица
31396222,Конюшенный переулок
175519241,Кооперативная улица
195516907,Корабельная улица
172807613,Корабельный мост
37633974,Кордонная улица
117958433,Корженевская улица
162991561,Короткая улица
172613527,Корпусная улица
223445495,Корпусной проезд
137818950,Косая аллея
105146398,Косая дорожка
31370660,Косая линия
83536151,Косой переулок
179414754,Костромская улица
97317189,Костромской проспект
175631966,Кочетовская дорожка
83536138,Крайняя дорога
77685749,Крайняя улица
172493090,Крапивный переулок
152432627,Красивая улица
117351268,Красная аллея
74975073,Красная улица
284168773,Красноармейская улица
141508556,Красноармейский мост
43136959,Красноармейский переулок
86328443,Красноборская улица
190456557,Красноборский переулок
242442740,Красногвардейская площадь
23273993,Красногвардейская улица
44957859,Красногвардейский мост
92320896,Красногвардейский переулок
202556728,Красногородская улица
67385769,Красноградский переулок
187333141,Краснодолинная аллея
189654535,Краснодонская улица
82141754,Краснокутская улица
23591676,Краснооктябрьский мост
55291563,Краснопрудская улица
26315412,Краснопрудский переулок
153343144,Краснопутиловская улица
23273511,Красносельская улица
138282747,Красносельское шоссе
60073539,Краснофлотская улица
134534249,Краснофлотский мост
82141703,Краснофлотский переулок
226241512,Краснофлотское шоссе
31378885,Красноярская улица
218475444,Красный мост
106291492,Красный переулок
199624478,Кременчугская улица
228603321,Крепостной переулок
95409383,Крестовский проспект
34961795,Крестовый мост
175055497,Крестьянский переулок
104480258,Кривая улица
228883289,Кривоносовская улица
106291444,Кривоносовский переулок
4459676,Кричевский переулок
173528735,Кронверкская набережная
234327031,Кронверкская улица
135205858,Кронверкский мост
172673246,Кронверкский проспект
160829690,Кронштадская улица
160387938,Кронштадтская площадь
40167667,Кронштадтская улица
146182428,Кронштадтская Южная дорога
33173183,Кронштадтское шоссе
172113716,Кропоткинская улица
28500160,Круглая улица
172299699,Круглый переулок
147948648,Круговая
131242656,Круговая аллея
125827438,Круговая линия
127169455,Круговая улица
95110924,Крутая улица
83689329,Крюкова улица
138281166,Ксеньевская улица
146916915,Кубанская улица
172435306,Кубанский переулок
200443962,Кубинская улица
186171707,Кудринский переулок
31370101,Кудровский проезд
31367305,Кузнецовская улица
105060635,Кузнецовский переулок
173977251,Кузнечная улица
28500419,Кузнечный переулок
67919590,Кузьминский переулок
31396105,Кузьминское шоссе
106291480,Купальная улица
169777902,Купальный переулок
123259911,Купчинская улица
176280750,Куракина улица
31371313,Курляндская улица
41110757,Курортная улица
172592203,Курская улица
66683420,Курятная линия
38531975,Кустарный переулок
183892198,Кушелевская дорога
25453161,Кушелевский путепровод
138406354,Лабораторная дорожка
31399036,Лабораторная улица
31388938,Лабораторный проспект
136385762,Лавровский переулок
4455617,Лаврский проезд
123330234,Лагерная улица
217079867,Лагерное шоссе
49858118,Лагерный переулок
124929731,Ладожская дорожка
78518206,Лазаревский мост
58755798,Лазаревский переулок
189783940,Лазаретный переулок
189447250,Лазурная улица
86328434,Лангеловская улица
123501057,Ланделинская дорожка
106291474,Ландышевая улица
10225306,Ланская улица
204383136,Ланское шоссе
159096123,Ланской мост
40523280,Лапинский проспект
148198556,Лахтинская улица
31368266,Лахтинский проспект
103207679,Лебединая улица
159079316,Лебяжья аллея
268529718,Левашовский проспект
206259103,Левашовское шоссе
31402061,Ленинградская улица
222183949,Ленинградское шоссе
253078333,Ленинский проспект
31370633,Ленская улица
165141545,Ленсоветовская дорога
52531375,Леонтьевская улица
122475073,Лермонтовская улица
31404088,Лермонтовский переулок
113319175,Лермонтовский проспект
173019072,Лесная дорожка
123171217,Лесная линия
127058817,Лесная улица
103990416,Лесновская улица
127428491,Леснозаводская улица
108636279,Лесной переулок
37642024,Лесной проспект
31399341,Лесопарковая улица
66665451,Лесопильный мост
93773930,Лётная улица
36359234,Летняя аллея
119311726,Летняя улица
220688060,Лештуков мост
100732242,Либавский переулок
169702293,Лиговская улица
172346024,Лиговский переулок
139943446,Лиговский проспект
219374358,Лиговский путепровод
128723157,Лидинская улица
31380272,Линдуловская дорога
125919914,Линейная улица
55364844,Линейный переулок
83123304,Линновский мост
31401011,Липецкая аллея
35560924,Липовая аллея
106291476,Липовая улица
279258076,Лисичанская улица
173190807,Лиственная аллея
106291484,Лиственная улица
106291504,Лиственный переулок
38535016,Литейная набережная
55514792,Литейная улица
236313543,Литейный мост
31372270,Литейный проспект
172494432,Литовская улица
229810102,Лифляндская улица
51955333,Лихардовская улица
4414975,Лицейский переулок
172493087,Ловизский переулок
31395664,Лодейнопольская улица
159046621,Ломаная аллея
106291489,Ломаная улица
102861838,Ломовская улица
85988172,Лосиная улица
124674959,Лоцманская улица
147948616,Луговая дорога
49858113,Луговая улица
264333581,Луговой переулок
173259475,Лужская дорожка
31375490,Лужская улица
172113722,Луизинская улица
82216737,Лунная дорожка
300266485,Лунная улица
35104668,Лупповский мост
215306493,Лыжная трасса Парголово
35445331,Лыжный переулок
147543388,Львиный мост
147543389,Львиный переулок
23976957,Львовская улица
179451724,Любанский переулок
96599182,Любимая улица
4455260,Люблинский переулок
298599481,Люботинский проспект
159367212,Ляминский переулок
64221126,Магазейная улица
38564308,Магазинная улица
33224923,Магдалинский переулок
151437594,Магистраль №1
119019631,Магистраль № 7
4462646,Магнитогорская улица
172568416,Майков переулок
162887192,Майская улица
300266490,Майский переулок
32675949,Макаровская улица
31971131,Макаровский мост
31367540,Макулатурный проезд
135234804,Малая аллея
123259915,Малая Балканская улица
18676978,Малая Бухарестская улица
136200251,Малая Горская улица
172613531,Малая Гребецкая улица
203744727,Малая Десятинная улица
31367387,Малая Зеленина улица
31365013,Малая Канонерская улица
199701036,Малая Карпатская улица
236296047,Малая Каштановая аллея
72515654,Малая Конюшенная улица
31400682,Малая Ленинградская улица
31378741,Малая Митрофаньевская улица
241114896,Малая Монетная улица
148617408,Малая Морская улица
172347955,Малая Московская улица
4457650,Малая Объездная улица
35568102,Малая Озёрная улица
4459758,Малая Подьяческая улица
4461861,Малая Посадская улица
172904348,Малая Пушкарская улица
130009645,Малая Разночинная улица
93773840,Малая Садовая улица
125095494,Малая улица
35571354,Малая Яблоновка
32606235,Малинная улица
173484553,Малиновая улица
98725047,Малиновская улица
31376754,Малодетскосельский проспект
172284437,Мало-Калинкин мост
126175510,Мало-Конюшенный мост
10372499,Мало-Крестовский мост
31371112,Малоохтинская набережная
24300179,Малоохтинский мост
118512701,Малоохтинский проспект
178870645,Мало-Петровский мост
35105711,Малый Ильинский мост
30975759,Малый Казачий переулок
82315485,Малый переулок
31379855,Малый проспект В.О.
174998655,Малый проспект П.С.
80500033,Малый Сампсониевский проспект
4458843,Манежная площадь
31370500,Манежная улица
23961156,Манежный переулок
121863897,Манежный спуск
79690550,Манчестерская улица
152191889,Мариинская аллея
48488319,Мариинская улица
66683385,Мариинский проезд
31398699,Мариинский проспект
31368774,Марлинская аллея
4457364,Марсово Поле
184902130,Мартыновская улица
82306444,Марьинская улица
103272950,Марьинский проезд
173076793,Масляный канал
54968983,Масляный мост
174878836,Масляный переулок
265922529,Мастеровой переулок
135234230,Мастерская улица
134518871,Матвеев мост
234327032,Матвеевский переулок
227106477,Матисов мост
172285664,Матисов переулок
155319209,Матросская улица
161134034,Мгинская улица
35601008,Мгинский переулок
198568144,Мебельная улица
178997701,Мебельный проезд
88287021,Медвежий переулок
123573934,Межевая дорожка
106291451,Межевая улица
269927462,Межевой канал
86203458,Межевой переулок
224310419,Межозёрная улица
96455993,Мезенская улица
4456988,Мелитопольский переулок
52410610,Мельничная улица
172368868,Мельничный переулок
60863895,Менделеевская линия
117035421,Менделеевская улица
4458858,Меншиковский проспект
25227453,Механическая улица
124929732,Мечниковская дорожка
243384462,Миллионная улица
158544004,Минеральная улица
28532248,Минская улица
154190769,Минский переулок
31366560,Миргородская улица
222183875,Мирная улица
179396645,Миронова улица
33057340,Митавский переулок
33913800,Митрофаньевский мост
132387346,Митрофаньевский путепровод
150768727,Митрофаньевский тупик
31398639,Митрофаньевское шоссе
182736797,Михайловская дорога
55271397,Михайловская улица
31395966,Михайловский переулок
66516769,Михайловский проезд
130052507,Мичманская улица
126276259,Мичуринская улица
86328426,Мишкинская улица
141926225,Могилёвский мост
223634455,Можайская улица
182611189,Можайский мост
89568213,Мокколовская улица
229532792,Молвинский мост
72525336,Молодёжная улица
4456041,Молодёжное шоссе
288954663,Молодёжный мост
172568417,Молодёжный переулок
136385763,Молодцовская улица
193647851,Молотовская дорожка
104380069,Монастырская улица
25747704,Монастырский мост
4590718,Мончегорская улица
30695628,Моравский переулок
55514784,Мореходная улица
117886310,Морозовская улица
31400784,Морская аллея
8146456,Морская набережная
106291458,Морская улица
138281168,Морской переулок
135970679,Морской проспект
146786257,Москательная линия
172302535,Москательный переулок
118074294,Московская дорожка
60946989,Московская площадь
23273743,Московская улица
172713349,Московский переулок
143558786,Московский проспект
31398727,Московское шоссе
143874150,мост Александра Невского
11980122,мост Белинского
292262721,мост Бурцева
72064242,мост Ветеранов
135232124,мост Декабристов
135381249,мост Дыбенко
83054734,мост Кентавров
172350565,мост Коллонтай
126512508,мост Кораблестроителей
5133174,мост Красного Курсанта
296039229,мост Круштейна №1
122236935,мост Круштейна № 2
171231163,мост Ломоносова
237436098,мост Народного Ополчения
25747702,мост Обуховской Обороны
106291496,Мостовая улица
121499104,мост Партизана Германа
102964923,Мост-плотина
184990839,мост Подвойского
67558640,мост Руинный
23591680,мост Степана Разина
170818596,мост Шаумяна
193086962,мост Энергетиков
28532445,Моховая улица
204422245,Мошков переулок
126564605,Мраморный мост
101085484,Мраморный переулок
123377125,Музыкальная улица
172613534,Музыкантский переулок
206827474,Мурзинская улица
124283880,Муринская дорога
153371887,Муринский тоннель
53795932,Мурманское шоссе
28161253,Мучной мост
172302536,Мучной переулок
172396378,Мытнинская набережная
160338249,Мытнинская улица
31373978,Мытнинский переулок
35398821,Мышкинская улица
31378027,Мясная улица
172613314,набережная Адмирала Лазарева
299690764,набережная Адмиралтейского канала
186404977,набережная Бумажного канала
243332901,набережная Зимней канавки
246719713,набережная канала Грибоедова
195016779,набережная Комсомольского канала
146582130,набережная Крюкова канала
237297827,набережная Кутузова
4454562,набережная Лебяжьей канавки
172383744,набережная Лейтенанта Шмидта
174930616,набережная Макарова
158360704,набережная Мартынова
242533736,набережная Матисова Канала
178878508,набережная Ново-Адмиралтейского канала
139189446,набережная Обводного канала
45444885,набережная Ольгина пруда
67405653,набережная реки Большой Невки
228409615,набережная реки Волковки
119176972,набережная реки Екатерингофки
161785085,набережная реки Каменки
278820688,набережная реки Карповки
10372693,набережная реки Крестовки
31397379,набережная реки Малой Невки
178877637,набережная реки Мойки
72666253,набережная реки Монастырки
68013611,набережная реки Оккервиль
229878678,набережная реки Пряжки
38540883,набережная реки Сестры
31386964,набережная реки Смоленки
229378582,набережная реки Средней Невки
172188512,набережная реки Фонтанки
237299985,набережная Робеспьера
223708279,набережная Сидоровского канала
51798416,набережная Строителей
264333580,Набережная улица
86641316,набережная Чёрной речки
125910275,Нагорная дорога
104480252,Нагорная улица
125682605,Надгорная улица
126303606,Надземный пешеходный переход
68678469,Наличная улица
172481600,Наличный мост
148247020,Нарвская улица
61806544,Нарвский переулок
266888514,Нарвский проспект
172113728,Народная улица
138282748,Народный переулок
184080426,Невельская улица
159079285,Невская аллея
63083113,Невская дорожка
63204063,Невская улица
63204057,Невский переулок
145013001,Невский проспект
157077411,Невский путепровод
242347855,Невьянская улица
33995408,Нежинская улица
31395679,Нейшлотский переулок
32731042,Неманский переулок
37629369,Нерчинская улица
20484331,Нефтяная дорога
80243463,Нижне-Каменская улица
31741828,Нижний Лебяжий мост
69489631,Нижний переулок
202801939,Нижняя
51792547,Нижняя дорога
38480389,Нижняя Ижорская улица
36773689,Нижняя Полевая улица
86043909,Нижняя улица
38531978,Никитинская улица
104375193,Никитинский мост
189650727,Никитинский переулок
124199618,Николаевская дорожка
52468860,Николаевская улица
181989773,Николаевский проезд
169352531,Николаевский проспект
31395472,Никольская площадь
237417893,Никольская улица
27690381,Никольский мост
58530607,Никольский переулок
138648163,Нобельский переулок
108636334,Новаторская улица
147948677,Новая
117351269,Новая дорога
171861112,Новая дорожка
106291466,Новая улица
120715344,Новгородская дорожка
286064953,Новгородская улица
78462432,Новгородский проспект
155948694,Новоалександровская улица
23051055,Ново-Александровская улица
54858344,Ново-Андреевский мост
148000525,Новобаболовская дорога
273003855,Новобелицкая улица
252270521,Нововестинская улица
123587935,Ново-Волковский мост
51797766,Ново-Гагаринская улица
172113738,Новогорская улица
127169456,Новодеревенская улица
31368346,Новое шоссе
174673458,Ново-Железнодорожная улица
172113739,Новожиловский проезд
31398972,Новоизмайловский проспект
23591678,Ново-Калинкин мост
11409680,Ново-Каменный мост
23653072,Ново-Кирпичный мост
253581182,Новоколомяжский проспект
145804252,Ново-Конюшенный мост
172613315,Новоладожская улица
31387327,Новолитовская улица
36776932,Новомалиновская дорога
139904181,Ново-Московский мост
60175658,Ново-Нарвский переулок
105197587,Ново-Нарвское шоссе
135710797,Ново-Никитинская улица
172291865,Ново-Никольский мост
110537170,Новоовсянниковская улица
128238177,Новоорловская улица
23591675,Ново-Петергофский мост
60066424,Новопроложенная улица
4458881,Новороссийская улица
172365707,Новорощинская улица
159348603,Ново-Рыбинская улица
115950331,Ново-Садовая улица
80243472,Новосельковская улица
4459908,Новосибирская улица
30995914,Новосильвийский мост
22969650,Новосильцевский переулок
172663527,Новосмоленская набережная
36434641,Новоутиная улица
161690554,Новоцентральная улица
180072287,Новочеркасский проспект
72064243,Новый мост
82141987,Новый переулок
82865671,Норильская улица
229810117,Оборонная улица
173294996,Образцовая улица
137047559,Обуховская площадь
137047563,Обуховский мост
46896179,Обуховский путепровод
208870468,Общественная улица
36054844,Общественный переулок
178464600,Объездное шоссе
175591103,Объездной мост
67919589,Овражий переулок
28500139,Овражная улица
155729452,Овражный переулок
96739351,Огородная улица
109425478,Огородный переулок
31374516,Одесская улица
172113754,Озерковая улица
85988181,Озерковская улица
124076723,Озерковский проспект
176992246,Озёрная набережная
175164021,Озёрная улица
262764320,Озерной переулок
36778063,Окраинная улица
110087292,Окружная улица
31369162,Октябрьская набережная
125889861,Октябрьская улица
239323355,Октябрьский бульвар
61806542,Октябрьский переулок
300547779,Окуловская улица
130534305,Олений мост
208038105,Олонецкая дорожка
100529273,Олонецкая улица
127072981,Ольгина улица
131242665,Ольгинская аллея
183285599,Ольгинская дорога
31379465,Ольгинское шоссе
31403446,Ольховая улица
31402704,Омская улица
208038109,Онежская дорожка
86337703,Онежская улица
22998536,Онежский проезд
31403520,Опочинина улица
174753259,Опытная улица
87413791,Оранжерейная улица
164734903,Ораниенбаумская улица
255301190,Ораниенбаумский проспект
120932094,Ораниенбаумский спуск
46737018,Ораниенбаумское шоссе
22417457,Ординарная улица
284335800,Оренбургская улица
119770299,Ореховая аллея
203382762,Ореховая улица
132760302,Ореховская улица
120253025,Орлово-Денисовский проспект
138282749,Орловская улица
33039489,Орловский переулок
172879404,Оружейная улица
119311671,Осенний переулок
117886320,Осенняя улица
173484558,Осиновая улица
41110461,Осиновый переулок
58755793,Осокина улица
31371821,Остоумова улица
221416312,Остропольский переулок
4459290,Отечественная улица
123071566,Открытию регулярного трамвайного движения в Санкт-Петербурге
76560850,Отрадная улица
37633003,Офицерский мост
145017308,Офицерский переулок
31368009,Охотничий переулок
234301406,Охотничья улица
179414752,Очаковская улица
82449763,Павловская улица
192265936,Павловский проспект
88952919,Павловское шоссе
4457713,Павлоградский переулок
33995161,Павский переулок
125113666,Памяти жертв 9-го января
151669906,Пантелеймоновский мост
31377806,Панфилова улица
179399700,Парадная улица
133482199,Парашютная улица
124929736,Парголовская дорожка
175390686,Парголовская улица
100975668,Парголовский переулок
101485206,Парковая улица
106291447,Парковый переулок
176164853,Парнас
110087057,Парнасная улица
9888732,Парнасский путепровод
35281104,Паровозная улица
71065315,Пароходная улица
4459732,Партизанская улица
31400667,Партизанский переулок
4457734,Парусная улица
23327065,Пашков мост-плотина
181174222,Певческий мост
172894698,Певческий переулок
108636292,Пензенский переулок
172278340,Пеньковая улица
33807713,Пеньковый мост
71065325,Первомайская улица
103125693,Первомайский переулок
35600982,Первомайский проспект
173294997,Переведенская улица
36054856,Перевозная набережная
172285665,Перевозная улица
170827642,Перевозный переулок
259998910,Перекопская улица
160338254,Перекупной переулок
120732149,Перепадская набережная
4462595,переулок Антоненко
137365473,переулок Белозёрки
4457794,переулок Бойцова
147721756,переулок Бринько
138282763,переулок Володарского
108636408,переулок Газа
108636283,переулок Гастелло
228883307,переулок Героев
31375674,переулок Гривцова
230649785,переулок Дегтярёва
4456704,переулок Декабристов
4459723,переулок Джамбула
108636268,переулок Зайцева
81026700,переулок Ильича
68678467,переулок Каховского
71953077,переулок Кваренги
171381379,переулок Красного Курсанта
4455986,переулок Крылова
105197666,переулок Кшесинской
263829902,переулок Лодыгина
52310605,переулок Ломоносова
137889385,переулок Макаренко
99698240,переулок Матвеева
23051083,переулок Матюшенко
31386223,переулок Мичурина
104480256,переулок Мусоргского
178828310,переулок Нестерова
143733246,переулок Никифорова
28822256,переулок Ногина
153027588,переулок Островского
122415648,переулок Павлика Морозова
55364849,переулок Панаева
150466900,переулок Пирогова
126336957,переулок Правды
126261105,переулок Правления
31379916,переулок Радищева
163224643,переулок Рублёвики
31402528,переулок Свободы
71589576,переулок Связи
36054769,переулок Сергея Тюленина
89973795,переулок Серова
161259761,переулок Слепушкина
52410589,переулок Суворовцев
31397678,переулок Талалихина
172605900,переулок Ульяны Громовой
127436504,переулок Усыскина
34201039,переулок Челиева
125079735,переулок Щуппа
61806537,переулок Электриков
126175498,Перинная линия
302687692,Перспективное продолжение наб. Макарова
"226644398,""Перспективное продолжение Суздальского шоссе, магистраль №49"""
172999962,Перспективное продолжение Шкиперского протока
242143392,Перспективный съезд
35567598,Перфильева улица
35130954,Песковский переулок
297477897,Песочная набережная
31403875,Песочная улица
187234148,Песочное шоссе
51112016,Песочный переулок
129007888,Песчаная улица
103207778,Песчаный переулок
35034441,Петербургская улица
43519407,Петербургское шоссе
172113757,Петергофская улица
108636262,Петергофский переулок
156286459,Петергофское шоссе
103263777,Петровская аллея
218269115,Петровская коса
200234118,Петровская набережная
249789304,Петровская площадь
74975070,Петровская улица
95034150,Петровский мост
55389774,Петровский переулок
31398889,Петровский проспект
201779364,Петроградская дорожка
80431271,Петроградская набережная
82406286,Петроградская улица
172756660,Петрозаводская улица
45126119,Петрозаводское шоссе
124929739,Петрокрепостная дорожка
4455443,Петропавловская улица
285948624,Петропавловский мост
132064648,Печорская улица
120718434,Пещерская дорожка
150960221,Пикалов мост
105071506,Пилотная улица
31389195,Пильбашенная аллея
30995949,Пиль-башенный мост
188170900,Пинский переулок
180427852,Пионерская площадь
126390333,Пионерская улица
108636252,Пионерский переулок
221309843,Пироговская набережная
124929743,Пискарёвская дорожка
33551634,Пискарёвский проспект
19841110,Пискарёвский путепровод
155149682,Пихтовая улица
236070076,Планерная улица
122474342,Плановая улица
165025332,Плесецкая улица
123318737,Пловдивская улица
4455686,Плотина Пороховского завода
172113851,площадь Аврова
90497111,площадь Академика Иоффе
107819461,площадь Академика Климова
23546993,площадь Академика Лихачёва
183491313,площадь Академика Сахарова
143868632,площадь Александра Невского
32066397,площадь Балтийских Юнг
31374284,площадь Балтийского вокзала
11980121,площадь Белинского
269845239,площадь Бехтерева
31387754,площадь Братьев Стругацких
37228704,площадь Военных Медиков
143519882,площадь Восстания
31388508,площадь Жертв Революции
159742404,площадь Искусств
30974636,площадь Калинина
42278031,площадь Коммуны
126975333,площадь Конституции
201272492,площадь Кулибина
40841052,площадь Культуры
172323513,площадь Ленина
157681065,площадь Ломоносова
172406228,площадь Льва Мациевича
27451069,площадь Льва Толстого
133197149,площадь Морской Славы
302713390,площадь Московские Ворота
165555866,площадь Мужества
55514787,площадь Обороны
31397287,площадь Островского
142273240,площадь Победы
146426964,площадь Пролетарской Диктатуры
146426974,площадь Растрелли
245795023,площадь Репина
105257740,площадь Свободы
162596301,площадь Сикорского
173076795,площадь Собчака
124651776,площадь Старого Театра
266888531,площадь Стачек
71266927,площадь Стравинского
147142202,площадь Труда
142520010,площадь Тургенева
277950476,площадь Чернышевского
128263181,площадь Шевченко
244401058,Плуталова улица
174325868,Пляжевая улица
103207916,Пляжевый переулок
175020335,Пляжная улица
172346025,Поварской переулок
106291473,Пограничная улица
4456750,Подгорная улица
34240494,Подзорный мост
23327428,Подкапризовая дорога
31372222,Подольская улица
172897206,Подрезова улица
301744899,подъезд к ЖК Черничная Поляна
264573674,Подъездной переулок
172291867,Подьяческий мост
138275964,Поклонногорская улица
39358442,Полевая аллея
172113759,Полевая дорога
203181732,Полевая Сабировская улица
183891505,Полевая улица
299867987,Полевой переулок
255302019,Полигонный переулок
66201734,Полиграфмашевский проезд
86328444,Полисарский переулок
95110923,Политехническая улица
96450674,Полковая улица
172897216,Полозова улица
188748326,Полоцкая улица
31395722,Полтавская улица
121704919,Полтавский проезд
172414335,Полюстровский проспект
41077047,Полянская дорога
89567441,Полянская улица
189447249,Полярная улица
238948032,Понтонная улица
31376947,Понтонный проезд
93591956,Поперечная аллея
118074295,Поперечная дорожка
26308098,Поперечная улица
52531390,Портовая улица
31399060,Посадская улица
123123507,Поселковая улица
117886317,Поселковый мост
60064034,Поселковый переулок
71889965,Потёмкинская улица
235537304,Поцелуев мост
148613728,Почтамтская улица
143736348,Почтамтский мост
146603023,Почтамтский переулок
125758154,Почтовая улица
175875886,Почтовый переулок
31366271,Поэтический бульвар
45543943,Правленская улица
158898058,Пражская улица
287049582,Прачечный мост
143736349,Прачечный переулок
192893482,Предпортовая улица
126563965,Предпортовый переулок
27755519,Предтеченский мост
254028133,Преображенская площадь
40398692,Преображенский переулок
61981985,Престижная улица
223357925,Прибалтийская площадь
53583613,Прибрежная улица
127551644,Привокзальная площадь
173623059,Привокзальная улица
131384935,Привольная улица
87405389,Пригородная улица
31402267,Придорожная аллея
126135990,Прилуговая улица
199744986,Прилукская улица
106291485,Приморская улица
122415647,Приморский переулок
173312175,Приморский проспект
111488411,Приморский путепровод
122493802,Приморское шоссе
279780559,Приневская улица
94727822,Приозёрная улица
234098793,Приозерское шоссе
173087766,Приреченская улица
52497152,Пристанская улица
4462048,Провиантская улица
52410601,Прогонная улица
102964968,Продольная аллея
257972881,Проезд № 1
257972879,Проезд № 2
257972874,Проезд № 3
257972877,Проезд № 4
222476829,Проезд № 5
"297367369,""Проезд на объект ЖК """"Самоцветы"""""""
103530030,Проездной переулок
289855457,проезд через повдворотню
112188744,Проезжая дорожка
273465109,Проектируемая дорога
263405763,Проектируемое продление Рубежной улицы
263405764,Проектируемый проезд
4456953,Прожекторная улица
58755799,Пролетарская улица
173484563,Пролетарский проспект
51782342,Пролётная улица
144550081,Промежуточная улица
174632977,Промышленная улица
104490359,Промышленный переулок
54516641,проспект 25 Октября
31377282,проспект Авиаконструкторов
139516983,проспект Александровской Фермы
31403319,проспект Бакунина
31396539,проспект Большевиков
4455228,проспект Будённого
31374154,проспект Ветеранов
116722968,проспект Героев
45858049,проспект Девятого Января
95406794,проспект Динамо
31399049,проспект Добролюбова
31374923,проспект Елизарова
207858101,проспект Испытателей
163692462,проспект Калинина
24905769,проспект Карла Маркса
38215304,проспект Карпова
302687695,проспект КИМа
31396018,проспект Королёва
295016507,проспект Космонавтов
144655540,проспект Косыгина
92315243,проспект Красных Командиров
234956832,проспект Кузнецова
31387122,проспект Культуры
264561247,проспект Ленина
31378968,проспект Луначарского
183892203,проспект Маршала Блюхера
49513460,проспект Маршала Жукова
167996223,проспект Медиков
4454579,проспект Металлистов
31388770,проспект Мечникова
4459888,проспект Муромцева
237441454,проспект Народного Ополчения
31370847,проспект Наставников
31401095,проспект Науки
31366034,проспект Непокорённых
4460152,проспект Обуховской Обороны
162139222,проспект Пархоменко
116722969,проспект Патриотов
233961980,проспект Просвещения
149715338,проспект Пятилеток
135038603,проспект Раевского
31374903,проспект Римского-Корсакова
175018569,проспект Свободы
212803162,проспект Сизова
123587945,проспект Славы
4462037,проспект Солидарности
156280088,проспект Стачек
160823170,проспект Телевидения
4462225,проспект Тореза
172463543,проспект Ударников
172792510,проспект Урицкого
193597262,проспект Художников
31371059,проспект Чернышевского
31365254,проспект Шаумяна
142994908,проспект Энгельса
170818652,проспект Энергетиков
31387054,проспект Энтузиастов
235909035,проспект Юрия Гагарина
55389777,Профсоюзная улица
136184379,Проходная дорожка
"297367804,""Проходная ЖК """"Самоцветы"""""""
33300433,Прудковский переулок
138281171,Прудовая улица
31368018,Прядильный переулок
101417037,Прямая дорожка
106291500,Прямая улица
87630775,Прямой переулок
172295948,Прямой проспект
207767020,Псковская дорожка
126175504,Псковская улица
31375571,Пудожская улица
82141718,Пулковская улица
182741753,Пулковское шоссе
23273507,Пустой переулок
125868633,Путейская улица
"23866420,""путепровод """"Автово"""""""
"280030055,""путепровод """"Нева"""""""
139516981,путепровод Александровской Фермы
194850809,Путепровод в створе Поклонногорской ул. через ж.д. пути
164431054,Путиловская набережная
31371999,Пухтоловская дорога
172744220,Пушкарский переулок
4460620,Пушкинская улица
69489654,Пушкинский переулок
220563802,Пушкинский проезд
60049456,Пушкинское шоссе
173019073,Рабочая дорожка
125686124,Рабочая улица
99302036,Рабочий переулок
40329579,Рабфаковская улица
23273739,Радиальная улица
82141756,Радужная улица
43588425,Разводная площадь
217512562,Разводная улица
31370298,Раздельная улица
31368333,Раздельный проспект
39250366,Разливная набережная
200234120,Разливной переулок
31389912,Разъезжая улица
194652938,Райколовская улица
35967061,Ракитовская улица
118400700,Расстанная улица
179900318,Расстанный переулок
123722960,Расстанный проезд
31403633,Раумская улица
126521910,Рашетова улица
4458898,Ревельский переулок
141602448,Резвый мост
35601308,Резная улица
35601311,Резной переулок
4459737,Рейдовая улица
75663430,Рейсовая улица
172113767,Ректорский проезд
265082989,Ремесленная улица
235869932,Репищева улица
62280486,Репнинская улица
72525348,Республиканская улица
236134052,Рехколовский переулок
45876666,Рехколовское шоссе
93773816,Речная аллея
175390687,Речная улица
28500379,Речной переулок
160823166,Речной проезд
136551799,Ржевская площадь
172371482,Ржевская улица
4458510,Рижская улица
4460710,Рижский проспект
31366505,Рифеевская улица
172913885,Рогачевский переулок
224088153,Родниковая улица
104994281,Родниковый переулок
31368319,Розовопавильонная аллея
104256410,Романовская улица
131384936,Ромашковая улица
208328894,Роменская улица
31380010,Ропшинская улица
160189121,Ропшинское шоссе
108636382,Российская улица
108636319,Российский бульвар
36743250,Российский мост
192901696,Российский проспект
157049820,Российский путепровод
136277609,Ростовская улица
299834761,Рощинская улица
224310420,Рощинский переулок
125826067,Рощинское шоссе
204010063,Рубежная дорога
4456644,Рубежная улица
266153262,Рубинштейнская улица
247276578,Рузовская улица
182611729,Рузовский мост
95034149,Руинный мост
222391071,Румянцевская площадь
25227083,Русановская улица
172352766,Русановский мост
103990403,Русская улица
119912384,Ручейная улица
288078404,Ручейный переулок
4457954,Ручьёвская дорога
87408842,Рыбацкая улица
23165059,Рыбацкий мост
4460740,Рыбацкий проспект
131757240,Рыбачий проезд
31396996,Рыбинская улица
120026768,Рыжковская дорожка
244095130,Рюхина улица
261918484,Рябиновая аллея
76560863,Рябиновая улица
177625302,Рябовский мост
31397343,Рябовское шоссе
36945610,Рядовая улица
199744987,Рязанский переулок
31389882,Сабировская улица
172948693,Саблинская улица
106291490,Садовая улица
74503194,Садово-Невский тоннель
169686972,Садовый переулок
203685528,Садочная улица
4456527,Салтыковская дорога
32501559,Сампсониевский мост
60489065,Самсониевская площадь
130630181,Самсониевская улица
86328440,Самсоновская улица
108032139,Санаторная аллея
136184378,Санаторная улица
126130542,Санаторный переулок
221510781,Санкт-Петербургский проспект
138281195,Санкт-Петербургское шоссе
153023625,Сапёрная улица
153023626,Сапёрный переулок
63204070,Сапожная улица
62037227,Саратовская улица
257110052,Сарицкая улица
136385764,Сарьинский переулок
31375044,Сахарный переулок
172113770,Сашинская дорога
172333399,Свеаборгская улица
209826660,Свердловская набережная
20490354,Светлановская площадь
31367280,Светлановский проспект
31379573,Светлая улица
77685748,Светогорская улица
172347957,Свечной переулок
158266841,Свирская улица
173976400,Связная
107996660,сдт Звездочка 10-я линия
115954538,сдт Звездочка 11-я линия
107996552,сдт Звездочка 12-я линия
115954529,сдт Звездочка 13-я линия
107996474,сдт Звездочка 14-я линия
107996571,сдт Звездочка 1-я линия
107996657,сдт Звездочка 2-я линия
107996687,сдт Звездочка 3-я линия
107996499,сдт Звездочка 4-я линия
107996632,сдт Звездочка 5-я линия
107996468,сдт Звездочка 6-я линия
115954521,сдт Звездочка 7-я линия
107996415,сдт Звездочка 8-я линия
115954524,сдт Звездочка 9-я линия
107996668,сдт Звездочка Рябиновая линия
107996639,сдт Звездочка Цветочная линия
107996505,сдт Павловское-1 10-я линия
107996651,сдт Павловское-1 11-я линия
107996428,сдт Павловское-1 1-я линия
107996587,сдт Павловское-1 2-я линия
107996679,сдт Павловское-1 3-я линия
107996531,сдт Павловское-1 4-я линия
107996666,сдт Павловское-1 5-я линия
107996634,сдт Павловское-1 6-я линия
107996689,сдт Павловское-1 7-я линия
107996563,сдт Павловское-1 8-я линия
107996670,сдт Павловское-1 9-я линия
107996502,сдт Павловское-2 0-я линия
115954532,сдт Павловское-2 10-я линия
107996603,сдт Павловское-2 11-я линия
115954520,сдт Павловское-2 12-я линия
107996568,сдт Павловское-2 13-я линия
115954535,сдт Павловское-2 14-я линия
115954530,сдт Павловское-2 1-я линия
115954536,сдт Павловское-2 2-я линия
115954519,сдт Павловское-2 3-я линия
115954523,сдт Павловское-2 4-я линия
115954534,сдт Павловское-2 5-я линия
115954537,сдт Павловское-2 6-я линия
107996610,сдт Павловское-2 7-я линия
115954527,сдт Павловское-2 8-я линия
107996539,сдт Павловское-2 9-я линия
107996688,сдт Павловское-2 Большая линия
107996441,сдт Павловское-2 Главная линия
107996686,сдт Павловское-2 Малая линия
107996445,сдт Павловское-2 Средняя линия
73070246,сдт Пенсионер 5-я линия
127169465,сдт Цветмет 1-й проезд
127169466,сдт Цветмет 2-й проезд
127169467,сдт Цветмет 3-й проезд
127169468,сдт Цветмет 4-й проезд
127169469,сдт Цветмет 5-й проезд
127169470,сдт Цветмет 6-й проезд
127169471,сдт Цветмет 7-й проезд
127169472,сдт Цветмет Средний проезд
8146072,Севастопольская улица
23273824,Севастопольский переулок
126562677,Северная аллея
31371107,Северная дорога
249794597,Северная площадь
28500617,Северная улица
37923580,Северный мост
181490086,Северный переулок
82141707,Северный проезд
31372315,Северный проспект
239663561,Северская улица
35571580,Сегалева улица
52002830,Седово-Ивановский тоннель
173484560,Сельская улица
102676002,Сельский переулок
4458451,Семёновская площадь
125919917,Семёновская улица
218509950,Семёновский мост
237288762,Сенатская площадь
143558800,Сенная площадь
178881624,Сенной мост
96739314,Сергиевская улица
31380767,Сердобольская улица
198463073,Серебристый бульвар
181364109,Серебряков переулок
259766317,Серпуховская улица
175818079,Сертоловская улица
142144824,Сертоловский переулок
117958442,Сестрорецкая улица
31385691,Сестрорецкое шоссе
37390025,Сетевая улица
23308321,Сибирская улица
194652939,Сиверская улица
31379961,Сивков переулок
287287664,Силин мост
32675977,Синий мост
136072523,Синопская набережная
31386714,Синявинская улица
136385765,Синявинский переулок
132729956,Сиреневая аллея
182243528,Сиреневая улица
31377853,Сиреневый бульвар
35600956,Ситцевая улица
23011474,Скачков переулок
23243597,Складская улица
82293978,Складской проезд
151322666,Скобелевский проспект
141747521,Скородумовская улица
52410595,Скороходовская улица
187402467,Славянская аллея
37892677,Славянская дорога
136056043,Славянская набережная
66201727,Славянская улица
37727960,Славянский мост
52250491,Слободская улица
120088121,Слободской мост
302206047,служебный вход в Пулково
235159350,Служебный подъезд к аэропорту Пулково
124250559,Слуцкая улица
31396406,Смежный мост
207766844,Смоленская дорожка
240796244,Смоленская улица
190531935,Смоленский мост
240315778,Смольная набережная
83568648,Смольный проезд
240171044,Смольный проспект
120478719,Смотрительская дорожка
119311669,Снежный переулок
103970134,Соболевская дорога
104126686,Собственный проспект
126416722,Советская улица
35094237,Советский бульвар
35108792,Советский мост
173485985,Советский переулок
4457287,Советский проспект
81680981,Совиная улица
105197761,Совхозная улица
108636394,Совхозный переулок
35573912,Совхозный проспект
76790115,Сойкино-Пеники
120047242,Сойкинская аллея
119497764,Сойкинская дорога
78425324,Соколиная улица
35966719,Солдатский переулок
125867428,Солнечная улица
103263760,Соловьиная улица
136385766,Сологубовская улица
160387955,Соломахинский проезд
4457682,Солунская улица
172777719,Соляной переулок
23051096,Сомов переулок
137773601,Сортировочная-Московская улица
52250498,Сосновая аллея
37890430,Сосновая улица
124929748,Сосновская дорожка
161515203,Сосновский проспект
106291501,Сосновый переулок
23327078,Софийская площадь
132189079,Софийская улица
31369070,Софийский бульвар
192385613,Социалистическая улица
116085187,Сочинская улица
23327068,Союзная улица
181456710,Союзный проспект
123498804,Спасская дорожка
33410844,Спасская улица
245456249,Спасский переулок
120716655,Сперанская дорожка
106291495,Спортивная улица
38564300,Спортивный переулок
71824146,Средневыборгское шоссе
46969910,Среднегаванский проспект
144881671,Среднеохтинский проспект
292775847,Среднерогатская улица
35281794,Средний переулок
173483810,Средний проспект
31396294,Средний проспект В.О.
202801940,Средняя
137817535,Средняя аллея
123566260,Средняя дорожка
83205526,Средняя Колтовская улица
199914082,Средняя Ленинградская улица
8146763,Средняя Подьяческая улица
135234809,Средняя Садовая улица
106291487,Средняя улица
31377088,Ставропольская улица
111613683,Ставропольский переулок
203893754,Станционная улица
204000059,Станция Нева
118994655,станция Пискарёвка
173615801,Старая улица
60607253,Старинная улица
4456482,Старобельская улица
222321429,Старогатчинское шоссе
172113773,Старо-Гостилицкое шоссе
172302453,Стародеревенская улица
126337257,Старожиловская улица
243194029,Старо-Калинкин мост
83536133,Старо-Красносельская дорога
10568715,Старо-Муринская улица
172113774,Старо-Нарвское шоссе
142516054,Старо-Никольский мост
33913784,Старообрядческая улица
159265381,Старообрядческий мост
131620417,Староорловская улица
164244253,Старо-Пановский мост
23260974,Старо-Петергофский проспект
214436197,Старопутиловский вал
31396695,Старорусская улица
300547781,Старорусский проспект
137970315,Старосильвийская аллея
187333149,Старошалейная аллея
129502968,Стартовая улица
105521757,Старцева улица
23274002,Стахановская улица
108220914,Стеклянная улица
86330780,Степановская улица
31402379,Степановский проезд
147550154,Столярный переулок
86222786,Стрелковая улица
132828324,Стрельбищенская улица
120193010,Стрельнинская дорожка
288979382,Стрельнинская улица
297875211,Стрельнинское шоссе
172313571,Стремянная улица
35444897,Строгановский мост
301675392,строительная дорога
137818297,Строительная улица
125095495,Строительный переулок
241367103,Строящаяся скоростная автомобильная дорога Москва — Санкт-Петербург
210632368,Студенческая улица
32800366,Суворовская площадь
51705244,Суворовская улица
53151951,Суворовский городок
51133501,Суворовский проспект
107282129,Суздальский проспект
112711755,Суздальское шоссе
146786258,Суконная линия
71338520,Сутугин мост
86330778,Суховский переулок
120856614,Сухопутная дорожка
71953076,Сухопутный переулок
76560856,Счастливая улица
241367117,Съезд 1
242267465,Съезд 1: ПВП-14 -> развязка с Московским шоссе
242267473,Съезд 1: развязка с Московским шоссе -> ПВП-14
241191895,Съезд 1: СПАД -> дорога к а/п Пулково-1
87078838,Съезд 10
87078832,Съезд 11
87093908,Съезд 12
87078830,Съезд 13
241367135,Съезд 2
241191898,Съезд 2:  дорога от а/п Пулково-1 -> СПАД
242267469,Съезд 2: ПВП-14 -> СПАД в Санкт-Петербург
165031084,Съезд 3
242267481,Съезд 3: СПАД из Москвы -> ПВП-14
87072152,Съезд 4
242267486,Съезд 4: СПАД из Петербурга -> ПВП-14
151490260,Съезд 5
242267490,Съезд 5: ПВП-14 -> СПАД в Москву
87072172,Съезд 9
262573910,Съезд № 1
173215327,Съезд № 1 (перспективный)
292007280,Съезд № 10
292007282,Съезд № 11
292007283,Съезд № 12
173215328,Съезд № 12 (перспективный)
292007284,Съезд № 13
292007285,Съезд № 14
292007286,Съезд № 15
292007289,Съезд № 16
292007290,Съезд № 17
292007291,Съезд № 19
262573914,Съезд № 2
292007293,Съезд № 20
292007294,Съезд № 21
262573915,Съезд № 3
262573916,Съезд № 4
173215331,Съезд № 4 (перспективный)
232190478,Съезд № 4-1
232190479,Съезд № 4-2
232190480,Съезд № 4-3
173215332,Съезд № 5
232190481,Съезд № 5а
173215333,Съезд № 6
232190456,Съезд № 6а
172999970,Съезд № 7
173215334,Съезд № 7 (перспективный)
172999971,Съезд № 8
292007304,Съезд № 9
188707374,съезд С1
188707608,съезд С2
188708960,съезд С3
188707609,съезд С4
188708961,съезд С5
188707364,съезд С6
31386452,Съезжинская улица
36779512,Съезжинский переулок
183793919,Сызранская улица
4457519,Сытнинская площадь
172948700,Сытнинская улица
172558808,Таврическая улица
125686126,Таврический переулок
81680984,Таицкая улица
123573938,Талевая дорожка
31365817,Таллинская улица
271707878,Таллинское шоссе
169632297,Тамбовская улица
190074764,Таможенный переулок
54968981,Таракановский мост
289986679,Тарасова улица
86873211,Тарховская улица
189650728,Тарховский переулок
167461465,Тарховский проспект
172496816,Татарский переулок
123573944,Тацкая дорожка
33544650,Ташкентская улица
33544731,Ташкентский путепровод
32742484,Тбилисская улица
31367922,Тверская улица
27695068,Тверской мост
56009992,Театральная аллея
235537305,Театральная площадь
173978883,Театральная улица
243834781,Театральный мост
106291462,Театральный переулок
125686128,Телеграфная улица
31400491,Тележная улица
287379472,Тележный переулок
152432652,Тенистая улица
300739859,Тенистый переулок
110458030,Теннисная аллея
187333168,Тепличная аллея
38144334,Тепловозная улица
106291452,Териокская улица
137818298,Техническая улица
223634450,Технологическая площадь
31386755,Тимуровская улица
181727628,Тиньков переулок
172435309,Тифлисская улица
172425712,Тифлисский переулок
174929812,Тихая улица
126276266,Тихий переулок
34000866,Тихомировская улица
146835190,Тихоокеанская улица
191044788,Тихорецкий проспект
208038110,Тобольская дорога
208038112,Тобольская дорожка
203619966,Тобольская улица
172536255,Товарищеский мост
172536436,Товарищеский проспект
232983650,Товарный переулок
174330910,Тойволовская улица
206616283,Токсовская улица
183464275,Токсовское шоссе
123481025,Толмачёвская улица
103990392,Томполовская улица
208038114,Томская дорожка
82865672,Томская улица
95110916,Тополиная улица
172113776,Торговая площадь
191934497,Торговый мост
146786261,Торговый переулок
156494642,Торжковская улица
75305286,Торопецкая улица
136385767,Тортоловский переулок
137684830,Торфяная дорога
173481154,Торфяная улица
200138007,Тосина улица
136385768,Тосненская улица
73512668,Тосненский переулок
276512784,Травяная улица
172568418,Тракторная улица
23976969,Тракторный переулок
156278953,Трамвайный проспект
93733878,Транспортная улица
86557994,Транспортный переулок
99302045,Трансформаторный переулок
89922407,Трёхчастный мост
134117975,Троицкая площадь
116403863,Троицкая площадь П.С.
61238301,Троицкая улица
142545020,Троицкий мост
141966297,Троицкий проспект
34178498,Тройная аллея
31399780,Тройная Липовая аллея
4462075,Троллейбусный проезд
100684896,Тростниковая улица
100684875,Тростниковый переулок
123498805,Трубная дорожка
108636430,Трудовая улица
117958441,Трудовой переулок
74975068,Тулонская аллея
172505150,Тульская улица
112188750,Тупиковая дорожка
182243523,Тупиковая улица
128724063,Тупиковый переулок
286084790,Туполевская улица
31378453,Турбинная улица
172659512,Тургеневский переулок
125892168,Туристская улица
239654067,Туровская улица
23546977,Тучков мост
172435310,Тучков переулок
28532257,Тюрисевская улица
126382101,Тюрисевский переулок
31368818,Тютчевская улица
123594243,Тярлевская улица
123617976,Тярлевский переулок
93773850,Угловая аллея
137007070,Угловой переулок
254911265,Угольная набережная
150565705,Угольная улица
115734633,Угольный переулок
124216576,Удаловская улица
102861801,Удельный проспект
279478598,Уездный проспект
106291467,Узкая улица
35574252,улица 1 Мая
153611253,улица 1-я Успенка
170294245,улица 2-й Луч
179295294,улица 3-й Пятилетки
269329197,улица №1
225472282,улица №1 (проектируемая)
94222874,улица №3 (проектируемая)
172113853,улица Аврова
87407708,улица Авроры
33805902,улица Адмирала Грейга
138470232,улица Адмирала Коновалова
217827400,улица Адмирала Трибуца
95495624,улица Адмирала Черокова
31386636,улица Академика Байкова
4460029,улица Академика Вернова
174899894,улица Академика Комарова
31371816,улица Академика Константинова
156494695,улица Академика Крылова
33065979,улица Академика Лебедева
108636349,улица Академика Павлова
202185596,улица Академика Харитона
151810474,улица Академика Шиманского
174899895,улица Академиков
138276022,улица Аккуратова
172285666,улица Александра Блока
178293122,улица Александра Кованько
31376179,улица Александра Матросова
143818843,улица Александра Невского
155319212,улица Александра Паншина
40162580,улица Александра Попова
38505103,улица Александра Товпеко
31374754,улица Александра Ульянова
131916314,улица Аммермана
107096073,улица Андреева
22878900,улица Анисимова
86100473,улица Анны Зеленовой
55364847,улица Анны Павловой
37064525,улица Антонова-Овсеенко
174899891,улица Артиллеристов
82449765,улица Архитектора Данини
174736752,улица Асафьева
72525330,улица Бабанова
125919922,улица Бабушкина
195820153,улица Бадаева
31366747,улица Белинского
172113855,улица Беловой
31401570,улица Белоусова
198378307,улица Белы Куна
67919591,улица Белых Ночей
31403375,улица Белышева
96106291,улица Беринга
176336058,улица Бехтерева
33998068,улица Благоева
31365393,улица Блохина
31381183,улица Богайчука
72525342,улица Большевиков
146440554,улица Бонч-Бруевича
230649788,улица Борисова
172113856,улица Бородачёва
118737338,улица Братьев Горкушенко
31389124,улица Братьев Радченко
31403635,улица Брянцева
37694522,улица Бугры
23209749,улица Булавского
99302630,улица Буренина
32669195,улица Бурцева
154432738,улица Бутлерова
31403624,улица Вавилова
31367816,улица Вавиловых
263090068,улица Вакуленчука
22778303,улица Валерия Гаврилина
153023628,улица Валиева
4462031,улица Ванеева
38504846,улица Варвары Петровой
127434777,улица Васенко
173347374,улица Васи Алексеева
82162904,улица Василия Шукшина
153023629,улица Васильева
50938804,улица Ватутина
4484482,улица Веденеева
31365945,улица Велещинского
55364852,улица Верещагина
174079747,улица Верности
126547072,улица Верхнее Рощино
217088529,улица Веры Слуцкой
139487805,улица Веры Фигнер
39128246,улица Витковского
31400780,улица Возрождения
172113859,улица Войкова
186920198,улица Вологдина
226589467,улица Володарского
52410618,улица Володи Дубинина
31380890,улица Володи Ермака
52469348,улица Воровского
258869150,улица Ворошилова
105257747,улица Воскова
174095182,улица Восстания
245192078,улица Восстановления
67241357,улица Времени
155319215,улица Всеволода Боброва
31374181,улица Всеволода Вишневского
161291848,улица Встреч
239379443,улица Вячеслава Шишкова
40167954,улица Газовый Завод
55364851,улица Галины Улановой
195836931,улица Галстяна
78335500,улица Гастелло
271956371,улица Генерала Лагуткина
4458353,улица Генерала Симоняка
239323353,улица Генерала Хазова
125547534,улица Генерала Хрулёва
31377298,улица Героев
108636254,улица Герцена
126728738,улица Гидростроителей
4454642,улица Гидротехников
31403261,улица Гладкова
35536102,улица Глеба Успенского
138282764,улица Глинки
23976958,улица Гоголя
125338312,улица Голубко
54653999,улица Горького
4459800,улица Графова
35536364,улица Графтио
82141973,улица Грёз
140455519,улица Грибакиных
4456111,улица Грибалёвой
288266022,улица Грибоедова
141270538,улица Григорьева
26546431,улица Громова
153023630,улица Громыхалова
178860159,улица Грота
102675294,улица Губина
58755800,улица Гусева
31403220,улица Даля
172113861,улица Дашкевича
125338311,улица Девятого Мая
86100475,улица Девятого Января
122048465,улица Дегтярёва
60179114,улица Декабристов
172113863,улица Демьяна Бедного
188411926,улица Десантников
4458953,улица Джона Рида
138961806,улица Дзержинского
159070040,улица Димитрова
201253165,улица Дмитрия Устинова
201509685,улица Доблести
31380678,улица Добрая Горка
31377955,улица Добровольцев
23976959,улица Добролюбова
37950157,улица Доктора Короткова
82756865,улица Достоевского
286222280,улица Дружбы
127051373,улица Дудко
227896123,улица Дыбенко
55364843,улица Дюма
87408843,улица Евгения Ефета
266926988,улица Евдокима Огнева
31378464,улица Егорова
63204071,улица Единства
39250367,улица Емельянова
144121787,улица Еремеева
31396328,улица Есенина
116630354,улица Ефимова
36369424,улица Жака Дюкло
172113865,улица Жарновецкого
40944734,улица Желябова
171554553,улица Жени Егоровой
137886717,улица Жертв Девятого Января
88042543,улица Жертв Революции
172113866,улица Жоры Антоненко
31378717,улица Жукова
172555961,улица Жуковского
87407710,улица Заварина
110537469,улица Зайцева
107552013,улица Здоровцева
177925120,улица Зенитчиков
172295342,улица Зины Портновой
138281206,улица Знаменка
157681097,улица Зодчего Росси
31402571,улица Зои Космодемьянской
175859104,улица Зосимова
34370714,улица Ивана Зубкова
31386088,улица Ивана Фомина
31395938,улица Ивана Черных
160309105,улица Ижорского Батальона
82141725,улица Ильича
198457959,улица Ильюшина
31388193,улица Индустриализации
93887298,улица Инструментальщиков
54516643,улица Кавелахты
204178404,улица Калинина
104256292,улица Каменка
238953716,улица Капитана Воронина
98504619,улица Капитана Грищенко
4457126,улица Карбышева
77885770,улица Карла Либкнехта
31400521,улица Карла Маркса
234301416,улица Карла Сименса
4458632,улица Карпинского
154804584,улица Катерников
31398431,улица Кибальчича
55375429,улица Кипренского
108636348,улица Кирова
82141746,улица Клин
172955879,улица Книпович
4456380,улица Козлова
31366392,улица Коли Томчака
183816754,улица Коллонтай
170520933,улица Кольцова
179713625,улица Комиссара Смирнова
173346359,улица Коммунаров
172113868,улица Коммуны
164746480,улица Композиторов
74975071,улица Комсомола
172365470,улица Кондратенко
172289861,улица Константина Заслонова
31402923,улица Кораблестроителей
31399646,улица Корнеева
121221095,улица Коробицына
172605576,улица Короленко
136056213,улица Корякова
31367358,улица Косинова
24981351,улица Костылева
195836933,улица Костюшко
125823941,улица Котина
31401687,улица Котовского
108636376,улица Красина
173093084,улица Красного Курсанта
4461232,улица Красного Текстильщика
35033131,улица Красного Флота
173341068,улица Краснодонцев
31379262,улица Красной Звезды
125079740,улица Красных Зорь
281325723,улица Красных Курсантов
108636295,улица Красных Партизан
23044555,улица Красуцкого
23032544,улица Крашенинникова
31366740,улица Кржижановского
153023631,улица Кривцова
31369335,улица Кропоткина
105466955,улица Круглый Пруд
172678798,улица Крупской
31377118,улица Крыленко
283228086,улица Крылова
72525354,улица Куйбышева
31395768,улица Культуры
31387312,улица Курсантов
31386864,улица Курчатова
31378311,улица Кустодиева
127031462,улица Кучумова
31400428,улица Лабутина
70378357,улица Лагоды
31374973,улица Лазо
72525332,улица Лассаля
77481152,улица Латышских Стрелков
31397016,улица Лебедева
89974482,улица Левитана
174899896,улица Лейтенантов
229493983,улица Лёни Голикова
138282765,улица Ленина
31402100,улица Ленсовета
125079741,улица Лермонтова
167609095,улица Лётчика Паршина
196079412,улица Лётчика Пилютова
242533739,улица Лётчика Тихомирова
100498874,улица Лизы Чайкиной
172747175,улица Литераторов
192117409,улица Литке
54905784,улица Лобачика
60175654,улица Лодыгина
72011866,улица Ломоносова
31399263,улица Лопатина
52410591,улица Луизино
31398626,улица Луначарского
72525349,улица Льва Толстого
138803557,улица Макарова
199563986,улица Максима Горького
174878872,улица Малыгина
164936785,улица Мануильского
108636328,улица Марата
4460828,улица Маринеско
94417002,улица Марка Галлая
172904349,улица Маркина
31386380,улица Мартынова
194455526,улица Маршала Говорова
230977663,улица Маршала Захарова
253078340,улица Маршала Казакова
163597938,улица Маршала Новикова
184761848,улица Маршала Тухачевского
125684160,улица Массальского
4460349,улица Матроса Железняка
72525347,улица Матросова
239162887,улица Машиностроителей
172113869,улица Маяковского
21640044,улица Металлургов
172568419,улица Метростроевцев
87407712,улица Механизаторов
55291536,улица Мечникова
88042557,улица Минина
31401217,улица Мира
170604075,улица Михаила Ботвинника
183963515,улица Михаила Дудина
126797108,улица Михайлова
126064760,улица Мичурина
51424714,улица Можайского
172707940,улица Моисеенко
179416198,улица Молдагуловой
31371828,улица Морские Дубки
103827000,улица Морского Десанта
172330175,улица Морской Пехоты
31374811,улица Мосина
52482782,улица Нахимова
104721252,улица Нахимсона
32972129,улица Невзоровой
55371190,улица Некрасова
55364848,улица Немкова
199747340,улица Нижняя Колония
108636285,улица Николаева
292491697,улица Николая Рубцова
155319216,улица Николая Соколова
94936688,улица Новая Слобода
19803667,улица Новосёлов
126261118,улица Новостроек
120550449,улица Новые Заводы
236134057,улица Новые Места
31370957,улица Обороны
23083718,улица Обручевых
108636415,улица Огородникова
194297308,улица Одоевского
176360958,улица Олега Кошевого
60012886,улица Олеко Дундича
143844446,улица Ольги Берггольц
31404255,улица Ольги Форш
84837179,улица Ольминского
122792578,улица Оптиков
31372188,улица Орбели
207208331,улица Орджоникидзе
31398261,улица Оружейника Фёдорова
59736460,улица Освобождения
178165322,улица Осипенко
31380790,улица Оскаленко
153023632,улица Островского
31365281,улица Отважных
174899890,улица Отдыха
178322090,улица Партизана Германа
179415220,улица Пасторова
172113875,улица Первого Мая
31378805,улица Передовиков
30893746,улица Пестеля
222610759,улица Петра Смородина
4456220,улица Печатника Григорьева
160048394,улица Пилотов
280975297,улица Пинегина
183792905,улица Пионерстроя
154085762,улица Писарева
84484775,улица Писемского
172113879,улица Плеханова
255302026,улица Победы
127969264,улица Пограничника Гарькавого
34349336,улица Пограничников
31376930,улица Подводника Кузьмина
84751014,улица Подвойского
172897214,улица Подковырова
199700388,улица Покрышева
238401513,улица Полины Осипенко
200612078,улица Политрука Пасечника
31401732,улица Полярников
53568441,улица Помяловского
138282767,улица Попова
256662492,улица Потапова
125867429,улица Правды
4461468,улица Примакова
126563978,улица Прокатчиков
172531669,улица Прокофьева
146426977,улица Пролетарской Диктатуры
45126110,улица Пролетарской Победы
37701066,улица Пролеткульта
82141731,улица Просвещения
172627607,улица Профессора Ивашенцова
214435114,улица Профессора Качалова
172359212,улица Профессора Молчанова
31398867,улица Профессора Попова
172113881,улица Пугачёва
87402287,улица Пулемётчиков
51829716,улица Путешественника Козлова
81026707,улица Пушкина
107095567,улица Равенства
31398948,улица Радищева
82141976,улица Редкое Кузьмино
31374606,улица Ремизова
157040752,улица Рентгена
104480251,улица Репина
31385800,улица Решетникова
31369627,улица Рихарда Зорге
118974791,улица Рождественского
71226321,улица Розенштейна
108636297,улица Розы Люксембург
58530608,улица Рошаля
119486753,улица Рубакина
22329949,улица Рубинштейна
31371520,улица Руднева
173589924,улица Руставели
172605579,улица Рылеева
125394401,улица Рябчикова
4457605,улица Савиной
190794991,улица Савушкина
159080454,улица Салова
194795487,улица Самойловой
230622322,улица Сантьяго-де-Куба
55468497,улица Сафронова
119145172,улица Свердлова
172113883,улица Свободы
106291446,улица Связи
4454679,улица Севастьянова
31404050,улица Седова
123428882,улица Сергея Марго
143128337,улица Сикейроса
88213665,улица Симонова
35093035,улица Скуридина
126261110,улица Смирнова
131361233,улица Смольного
174149297,улица Смолячкова
4458776,улица Солдата Корзуна
31376272,улица Софьи Ковалевской
4462160,улица Союза Печатников
204893126,улица Спирина
4457153,улица Станюковича
4459864,улица Стасовой
31401128,улица Стахановцев
96739376,улица Степана Разина
4455324,улица Стойкости
173481158,улица Строителей
125409974,улица Суворова
126563980,улица Судостроителей
5892753,улица Сургина
160309108,улица Тазаева
237441456,улица Тамбасова
4458973,улица Танкиста Хрустицкого
178718878,улица Танкистов
59997962,улица Тельмана
122415650,улица Тесовый Берег
108636270,улица Тимирязева
169197400,улица Типанова
4458329,улица Титова
240206621,улица Ткачей
87403294,улица Токарева
72525355,улица Толмачёва
82141730,улица Третьей Пятилетки
229810214,улица Трефолева
104490371,улица Труда
172113887,улица Тургенева
4455424,улица Турку
172592900,улица Тюшина
52469345,улица Урицкого
242345467,улица Успенка
183855387,улица Уточкина
78008241,улица Ушинского
245659312,улица Фаворского
292491700,улица Фёдора Абрамова
178859732,улица Федосеенко
178774821,улица Федюнинского
131800664,улица Фейгина
172495221,улица Фокина
52482780,улица Фрунзе
159105480,улица Фучика
172113897,улица Халтурина
139759494,улица Харченко
31380613,улица Химиков
4461938,улица Хлопина
51112017,улица Хмельницкого
34000323,улица Хохрякова
4459078,улица Хошимина
218497537,улица Цимбалина
123338841,улица Циолковского
138281207,улица Чайковского
125686149,улица Чапаева
4460869,улица Чапыгина
31366780,улица Чекистов
125539203,улица Червонного Казачества
31388291,улица Черкасова
163783683,улица Чёрная Речка
87401099,улица Черникова
154733403,улица Чернова
172113901,улица Чернышевского
133864917,улица Черняховского
172113902,улица Чехова
193547636,улица Чистякова
153027589,улица Чкалова
8146822,улица Чудновского
31375389,улица Шаврова
4457156,улица Шателена
172113903,улица Шахматова
170117109,улица Швецова
31893364,улица Шевченко
31379187,улица Шелгунова
55364845,улица Шишкина
202253486,улица Шкапина
31372201,улица Шостаковича
33996096,улица Шотмана
128723237,улица Щербакова
88042555,улица Щорса
162991587,улица Электропередач
172366132,улица Электропультовцев
202425910,улица Энгельса
101794902,улица Юннатов
125079743,улица Юных Пионеров
153023634,улица Юрия Германа
75229860,улица Юрия Инге
125409975,улица Юрия Пасторова
52410586,улица Юты Бондаровской
4457679,улица Яблочкова
146724996,улица Якубовича
155073537,улица Ярослава Гашека
290661270,Ульяновская улица
32776624,Уманский переулок
191921970,Университетская набережная
180844271,Университетский проспект
72300420,Уральская дорожка
31389753,Уральская улица
175854082,Уральский мост
295793101,Урхов переулок
23257488,Урюпин переулок
145832783,Успенская дорога
104994032,Успенская улица
250250536,Усть-Ижорское шоссе
35571177,Уткин мост
33004671,Уткин переулок
161950798,Уткин проспект
7698296,Уфимская улица
31365462,Учебный переулок
31364802,Учительская улица
103530037,Учхозная улица
31398098,Ушаковская набережная
108636313,Ушаковская улица
156494646,Ушаковский мост
31396838,Ушковская улица
106291482,Уютная аллея
28500599,Фабричная улица
38482390,Фанерная улица
38482530,Фанерный переулок
31399355,Фарфоровская улица
34001329,Фарфоровский пост
133321816,Фаянсовая улица
72525340,Федеративная улица
175313249,Фёдоровская улица
190083542,Федотовская дорожка
31388399,Феодосийская улица
100684869,Фермерский переулок
53017668,Фермская дорога
97542675,Фермское шоссе
106291460,Фиалковая улица
238765499,Фидерная улица
223357930,Филологический переулок
123594235,Фильтровское шоссе
262606020,Финляндская улица
295543076,Финляндский переулок
240899449,Финляндский проспект
224701970,Финский переулок
23180748,Флагманская улица
4590749,Флотская улица
146603025,Фонарный мост
146603027,Фонарный переулок
173720217,Фонтанная улица
172113779,Фронтовая улица
146786265,Фруктовая линия
123594237,Фруктовая улица
126562684,Фруктовый переулок
72030376,Фуражный переулок
31376767,Фурштатская улица
33924593,Футбольная аллея
4455308,Хабаровская улица
147759064,Харламов мост
123501058,Харламовская дорожка
207766848,Харьковская дорожка
72666251,Харьковская улица
36887369,Хасанская улица
226049631,Хвойная улица
118714846,Хвойный
182026526,Херсонская улица
4456288,Херсонский проезд
186778660,Химический переулок
159079288,Хозяйственная аллея
31366555,Холмистая улица
4457242,Храмов переулок
178878507,Храповицкий мост
133321819,Хрустальная улица
172113780,Царицынская улица
153023627,Цветочная улица
49858102,Цветочный переулок
23976983,Целинная улица
105257752,Цемяночная улица
108686451,Центральная
174909273,Центральная аллея
112188031,Центральная дорога
112188746,Центральная дорожка
123242540,Центральная линия
180451843,Центральная площадь
87400004,Центральная улица
100400073,Центральный переулок
127169459,Центральный проезд
31387714,Церковная улица
289920701,Цимбалинский путепровод
179416199,Цимлянская улица
88042550,Цимлянский переулок
27880674,Цитадельская дорога
4458894,Цитадельское шоссе
103268147,Чаяновская улица
4462481,Чебоксарский переулок
265945290,Чебышевская улица
208038117,Челябинская дорожка
31388943,Челябинская улица
133743584,Челябинский мост
141414630,Черниговская улица
108636271,Черниговский переулок
38535433,Черничная улица
237288763,Черноморский переулок
143868594,Чернорецкий переулок
156494650,Чернореченский мост
44923093,Чёрный мост
146786266,Чернышёвский проезд
139830476,Чертов мост
82141726,Чистопрудная улица
35571659,Чистяковская улица
172113782,Чичеринская улица
31366359,Чичуринский переулок
31399480,Чкаловский проспект
129369426,Чугунная улица
30995924,Чугунный мостик
127667599,Чугунный мостик Росси
300547783,Чудовская улица
255521020,Шамшева улица
178450744,Шанцевый переулок
135960146,Шарова улица
33165475,Шатёрная улица
31389764,Шафировский проспект
37663025,Шафировский путепровод
71866086,Шведский мост
4462276,Шведский переулок
31387495,Швейцарская улица
4078548,Шепетовская улица
84751015,Шереметьевская улица
32871874,Шипкинский переулок
108686446,Широкая
123498799,Широкая дорожка
31400326,Широкая улица
103238907,Широтная магистраль
151810213,Шишмарёвский переулок
159079295,Шкиперская аллея
34243213,Шкиперский мост
223357932,Шкиперский проток
34324976,Школьная улица
172113784,Школьный переулок
299463968,Шлиссельбургский мост
37756811,Шлиссельбургский проспект
45126120,Шлиссельбургское шоссе
160186378,Шоссейная улица
69489638,Шоссейный переулок
217280209,шоссе Подбельского
172323234,шоссе Революции
172660856,Шотландская улица
146296728,Шпалерная улица
100630731,Штурманская улица
104994285,Шуваловская улица
173665535,Шуваловский проспект
136385770,Шумская улица
78413656,Шушарская дорога
33995485,Щепяной переулок
31386408,Щербаков переулок
104480253,Щукин переулок
43588426,Эйхенская улица
173483813,Экипажная улица
106291442,Экипажный переулок
55752586,Элеваторная площадка
109729158,Эмануиловская улица
33995106,Эриванская улица
172113786,Эрлеровский бульвар
237296240,Эрмитажный мост
33301170,Эсперова улица
82406292,Эсперов переулок
33994931,Эстонская улица
126724575,Южная аллея
31397697,Южная дорога
139185039,Южная улица
122243699,Южное шоссе
132831587,Юкковское шоссе
114657166,Юнтоловская улица
33994647,Юризанская улица
121834158,Яблоневая улица
173153624,Яблоновский мост
126562719,Яблочная улица
155319210,Ягодная улица
126562687,Ягодный переулок
66516728,Ягодный проезд
126563968,Языков переулок
4462391,Якобштадтский переулок
189788011,Яковлевский переулок
21876105,Яковская улица
131915815,Якорная площадь
52410579,Якорная улица
83715958,Ялтинская улица
35035515,Ямбургская дорога
63394275,Ям-Ижорское шоссе
145643720,Ярославская дорога
179414751,Ярославская улица
126521929,Ярославский проспект
38505076,Ясельная улица
206259106,Ясельный переулок
142144977,Ясеневый переулок
76560859,Ясная улица
132235763,Яхтенная площадь
30480095,Яхтенная улица
173341070,Яхтклубский переулок
221047823,Ячевский проезд
